"zikaepitope","bcell","bcellcount","tcell","tcellcount","mhc","mhccount"
"WGNGCGLFG","1502645, 18559931, 72484, WGNGCGLFG, Mus musculus BALB/c, 10000000, Positive;1506397, 18160621, 72484, WGNGCGLFG, Mus musculus BALB/c, 10000000, Positive;","2","","0","","0"
"WGNGCGLFGKGSLVT","1694145, 19826631, 119397, WGNGCGLFGKGSLVT, Homo sapiens, 9606, Negative;1694247, 19826631, 119397, WGNGCGLFGKGSLVT, Homo sapiens, 9606, Negative;","2","","0","","0"
"YVDRGWGNGCGLFGK","1694144, 19826631, 119419, YVDRGWGNGCGLFGK, Homo sapiens, 9606, Negative;1694246, 19826631, 119419, YVDRGWGNGCGLFGK, Homo sapiens, 9606, Negative;","2","","0","","0"
"TYQNKVVKVL","1792164, 20638434, 136891, TYQNKVVKVL, Mus musculus BALB/c, 10000000, Negative;","1","1792165, 20638434, 136891, TYQNKVVKVL, Dengue virus, 12637, Mus musculus BALB/c, 10000000, IFNg release, Positive, H2-d class II, 170;1792177, 20638434, 136891, TYQNKVVKVL, Dengue virus, 12637, Mus musculus BALB/c, 10000000, IFNg release, Positive, H2-Kd, 124;","2","1890413, , 136891, TYQNKVVKVL, Dengue virus 4 Philippines/H241/1956, 408686, nM, 417, Positive-Intermediate, 155, HLA-B*08:01, 252, I;","1"
"VDRGWGNGC","1506400, 18160621, 78288, VDRGWGNGC, Mus musculus BALB/c, 10000000, Positive;","1","","0","","0"
"YFHRRDLRL","1792166, 20638434, 73824, YFHRRDLRL, Mus musculus BALB/c, 10000000, Negative;","1","1792167, 20638434, 73824, YFHRRDLRL, Dengue virus, 12637, Mus musculus BALB/c, 10000000, IFNg release, Positive, H2-d class II, 170;1792178, 20638434, 73824, YFHRRDLRL, Dengue virus, 12637, Mus musculus BALB/c, 10000000, IFNg release, Positive, H2-Kd, 124;","2","1407227, , 73824, YFHRRDLRL, Dengue virus 1 Singapore/S275/1990, 33741, nM, 418, Positive-Intermediate, 51.9, HLA-B*08:01, 252, I;1890460, , 73824, YFHRRDLRL, Dengue virus 3 Martinique/1243/1999, 408691, nM, 417, Positive-High, 1.64, HLA-B*08:01, 252, I;1940695, 22039500, 73824, YFHRRDLRL, Dengue virus 1, 11053, nM, 418, Positive, 52, HLA-B*08:01, 252, I;2149413, , 73824, YFHRRDLRL, Japanese encephalitis virus, 11072, min, 289, Positive-Low, 12, HLA-A*24:02, 215, I;","4"
"YMWLGARFL","1792160, 20638434, 136897, YMWLGARFL, Mus musculus BALB/c, 10000000, Positive-High;","1","1792161, 20638434, 136897, YMWLGARFL, Dengue virus, 12637, Mus musculus BALB/c, 10000000, IFNg release, Positive, H2-Ld, 126;1854372, , 136897, YMWLGARFL, Dengue virus 1, 11053, Mus musculus, 10090, IFNg release, Negative, HLA-A*02:01, 143;","2","1893640, , 136897, YMWLGARFL, Dengue virus 2 Jamaica/1409/1983, 11064, nM, 417, Positive-High, 6.72, HLA-A*02:01, 143, I;1893641, , 136897, YMWLGARFL, Dengue virus 2 Jamaica/1409/1983, 11064, nM, 417, Positive-Intermediate, 94.2, HLA-A*02:17, 590, I;","2"
"AAQRRGRIGR","","0","","0","1888731, , 182428, AAQRRGRIGR, Dengue virus 4 Philippines/H241/1956, 408686, nM, 417, Positive-High, 2.16, HLA-A*31:01, 225, I;","1"
"AAQRRGRVGR","","0","","0","1888616, , 182429, AAQRRGRVGR, Dengue virus 3 Martinique/1243/1999, 408691, nM, 417, Positive-High, 5.63, HLA-A*31:01, 225, I;","1"
"AARGYISTR","","0","","0","1888728, , 182430, AARGYISTR, Dengue virus 2 Jamaica/1409/1983, 11064, nM, 417, Positive-High, 11.1, HLA-A*31:01, 225, I;1889179, , 182430, AARGYISTR, Dengue virus 2 Jamaica/1409/1983, 11064, nM, 417, Positive-Intermediate, 315, HLA-A*33:01, 226, I;","2"
"AEMEEALRG","","0","","0","1891515, , 182463, AEMEEALRG, Dengue virus 2 Jamaica/1409/1983, 11064, nM, 417, Positive-High, 4.65, HLA-B*44:02, 33, I;1891872, , 182463, AEMEEALRG, Dengue virus 2 Jamaica/1409/1983, 11064, nM, 417, Positive-High, 13.2, HLA-B*44:03, 34, I;","2"
"AEMEEALRGL","","0","","0","1891299, , 182464, AEMEEALRGL, Dengue virus 2 Jamaica/1409/1983, 11064, nM, 417, Positive-High, 13, HLA-B*40:01, 28, I;1891587, , 182464, AEMEEALRGL, Dengue virus 2 Jamaica/1409/1983, 11064, nM, 417, Positive-High, 17.6, HLA-B*44:02, 33, I;1891873, , 182464, AEMEEALRGL, Dengue virus 2 Jamaica/1409/1983, 11064, nM, 417, Positive-High, 31.6, HLA-B*44:03, 34, I;","3"
"AICSAVPVDW","","0","","0","1891362, , 182511, AICSAVPVDW, Dengue virus 1 Brazil/97-11/1997, 408685, nM, 417, Positive-Low, 893, HLA-B*44:02, 33, I;","1"
"AIFMTATPPG","","0","","0","1888193, , 182513, AIFMTATPPG, Dengue virus 1 Brazil/97-11/1997, 408685, nM, 417, Positive-Intermediate, 179, HLA-A*30:01, 223, I;","1"
"AIWYMWLGAR","","0","","0","1888737, , 182531, AIWYMWLGAR, Dengue virus 3 Martinique/1243/1999, 408691, nM, 417, Positive-High, 42.3, HLA-A*31:01, 225, I;1889304, , 182531, AIWYMWLGAR, Dengue virus 3 Martinique/1243/1999, 408691, nM, 417, Positive-Intermediate, 57.3, HLA-A*33:01, 226, I;","2"
"AKGSRAIWYMWLGAR","","0","1972804, 23383350, 181081, AKGSRAIWYMWLGAR, Yellow fever virus 17D, 11090, Homo sapiens, 9606, IFNg release, Positive, , ;","1","1972052, 23383350, 181081, AKGSRAIWYMWLGAR, Yellow fever virus 17D, 11090, nM, 417, Positive-High, 26, HLA-DRB1*01:01, 52, II;1972053, 23383350, 181081, AKGSRAIWYMWLGAR, Yellow fever virus 17D, 11090, nM, 417, Negative, 5088, HLA-DRB1*03:01, 57, II;1972054, 23383350, 181081, AKGSRAIWYMWLGAR, Yellow fever virus 17D, 11090, nM, 417, Negative, 2788, HLA-DRB1*04:01, 63, II;1972055, 23383350, 181081, AKGSRAIWYMWLGAR, Yellow fever virus 17D, 11090, nM, 417, Positive-Intermediate, 380, HLA-DRB1*04:04, 407, II;1972056, 23383350, 181081, AKGSRAIWYMWLGAR, Yellow fever virus 17D, 11090, nM, 417, Positive-Intermediate, 289, HLA-DRB1*04:05, 408, II;1972057, 23383350, 181081, AKGSRAIWYMWLGAR, Yellow fever virus 17D, 11090, nM, 417, Positive-Intermediate, 247, HLA-DRB1*07:01, 413, II;1972058, 23383350, 181081, AKGSRAIWYMWLGAR, Yellow fever virus 17D, 11090, nM, 417, Positive-Intermediate, 424, HLA-DRB1*08:02, 415, II;1972059, 23383350, 181081, AKGSRAIWYMWLGAR, Yellow fever virus 17D, 11090, nM, 417, Positive-Intermediate, 699, HLA-DRB1*09:01, 417, II;1972060, 23383350, 181081, AKGSRAIWYMWLGAR, Yellow fever virus 17D, 11090, nM, 417, Negative, 4183, HLA-DRB1*11:01, 419, II;1972061, 23383350, 181081, AKGSRAIWYMWLGAR, Yellow fever virus 17D, 11090, nM, 417, Negative, 1919, HLA-DRB1*13:02, 425, II;1972062, 23383350, 181081, AKGSRAIWYMWLGAR, Yellow fever virus 17D, 11090, nM, 417, Positive-Intermediate, 202, HLA-DRB1*15:01, 436, II;1972063, 23383350, 181081, AKGSRAIWYMWLGAR, Yellow fever virus 17D, 11090, nM, 417, Positive-Intermediate, 440, HLA-DRB3*01:01, 358, II;1972064, 23383350, 181081, AKGSRAIWYMWLGAR, Yellow fever virus 17D, 11090, nM, 417, Positive-High, 98, HLA-DRB4*01:01, 363, II;1972065, 23383350, 181081, AKGSRAIWYMWLGAR, Yellow fever virus 17D, 11090, nM, 417, Positive-Intermediate, 513, HLA-DRB5*01:01, 368, II;","14"
"AMTDTTPFGQQRVFK","","0","","0","2131627, , 230626, AMTDTTPFGQQRVFK, Yellow fever virus, 11089, nM, 418, Negative, 10000, HLA-DQA1*01:03/DQB1*06:03, 511, II;2131989, , 230626, AMTDTTPFGQQRVFK, Yellow fever virus, 11089, nM, 418, Positive-Low, 3973, HLA-DQA1*02:01/DQB1*03:03, 722, II;2132752, , 230626, AMTDTTPFGQQRVFK, Yellow fever virus, 11089, nM, 418, Positive-Low, 5924, HLA-DQA1*05:01/DQB1*03:02, 710, II;2133601, , 230626, AMTDTTPFGQQRVFK, Yellow fever virus, 11089, nM, 418, Positive-Intermediate, 150, HLA-DRA*01:01/DRB1*01:01 C30S mutant, 782, II;2134489, , 230626, AMTDTTPFGQQRVFK, Yellow fever virus, 11089, nM, 418, Positive-Intermediate, 372, HLA-DRA*01:01/DRB1*03:01, 631, II;2135355, , 230626, AMTDTTPFGQQRVFK, Yellow fever virus, 11089, nM, 418, Positive-Low, 3595, HLA-DRA*01:01/DRB1*04:04, 48, II;2136227, , 230626, AMTDTTPFGQQRVFK, Yellow fever virus, 11089, nM, 418, Positive-Intermediate, 842, HLA-DRA*01:01/DRB1*07:01, 49, II;2137083, , 230626, AMTDTTPFGQQRVFK, Yellow fever virus, 11089, nM, 418, Positive-Low, 2251, HLA-DRA*01:01/DRB1*08:01, 50, II;2137980, , 230626, AMTDTTPFGQQRVFK, Yellow fever virus, 11089, nM, 418, Positive-Low, 1330, HLA-DRA*01:01/DRB1*09:01, 780, II;2138844, , 230626, AMTDTTPFGQQRVFK, Yellow fever virus, 11089, nM, 418, Positive-Intermediate, 380, HLA-DRA*01:01/DRB1*11:01, 757, II;2139718, , 230626, AMTDTTPFGQQRVFK, Yellow fever virus, 11089, nM, 418, Positive-Intermediate, 413, HLA-DRA*01:01/DRB1*13:01, 761, II;2140559, , 230626, AMTDTTPFGQQRVFK, Yellow fever virus, 11089, nM, 418, Positive-Low, 5451, HLA-DRA*01:01/DRB1*14:54, 779, II;2141423, , 230626, AMTDTTPFGQQRVFK, Yellow fever virus, 11089, nM, 418, Positive-Low, 2447, HLA-DRA*01:01/DRB3*01:01, 781, II;2143039, , 230626, AMTDTTPFGQQRVFK, Yellow fever virus, 11089, nM, 418, Positive-Low, 3154, HLA-DRA*01:01/DRB3*03:01, 758, II;2143901, , 230626, AMTDTTPFGQQRVFK, Yellow fever virus, 11089, nM, 418, Positive-Intermediate, 489, HLA-DRA*01:01/DRB4*01:03, 759, II;2144726, , 230626, AMTDTTPFGQQRVFK, Yellow fever viru","23"
"APTRVVAAEM","","0","1854162, , 150137, APTRVVAAEM, Dengue virus 1, 11053, Mus musculus, 10090, IFNg release, Positive, HLA-B*07:02, 251;1927514, 22355570, 150137, APTRVVAAEM, Dengue virus 2, 11060, Homo sapiens, 9606, qualitative binding, Positive, HLA-B7, 300;1941121, , 150137, APTRVVAAEM, Dengue virus, 12637, Homo sapiens, 9606, IFNg release, Positive, HLA-B*07:02, 251;1941217, , 150137, APTRVVAAEM, Dengue virus, 12637, Homo sapiens, 9606, IFNg release, Positive, HLA-B*35:01, 195;1981163, 23580623, 150137, APTRVVAAEM, Dengue virus 2, 11060, Homo sapiens, 9606, IFNg release, Positive, HLA-B*07:02, 251;1981188, 23580623, 150137, APTRVVAAEM, Dengue virus 2, 11060, Homo sapiens, 9606, IFNg release, Positive, HLA-B*35:01, 195;2096638, , 150137, APTRVVAAEM, Dengue virus 2, 11060, Homo sapiens, 9606, IFNg release, Positive, HLA-B*35:01, 195;2374865, 21918184, 150137, APTRVVAAEM, Dengue virus 2 S221, 10001636, Homo sapiens, 9606, IFNg release, Positive, HLA-B*07:02, 251;2377726, 25320311, 150137, APTRVVAAEM, Dengue virus 2, 11060, Homo sapiens, 9606, IFNg release, Positive, HLA-B*07:02, 251;2377779, 25320311, 150137, APTRVVAAEM, Dengue virus 2, 11060, Homo sapiens, 9606, IFNg release, Positive, HLA-B*35:01, 195;","10","1890168, , 150137, APTRVVAAEM, Dengue virus 3 Martinique/1243/1999, 408691, nM, 417, Positive-High, 4.58, HLA-B*07:02, 251, I;1891023, , 150137, APTRVVAAEM, Dengue virus 3 Martinique/1243/1999, 408691, nM, 417, Positive-High, 20.3, HLA-B*35:01, 195, I;2374905, 21918184, 150137, APTRVVAAEM, Dengue virus 2 S221, 10001636, nM, 1, Positive-High, 4.6, HLA-B*07:02, 251, I;","3"
"AQKRTAAGIM","","0","","0","1890722, , 182598, AQKRTAAGIM, Dengue virus 1 Brazil/97-11/1997, 408685, nM, 417, Positive-High, 25.6, HLA-B*15:01, 257, I;","1"
"AQRRGRVGR","","0","","0","1888617, , 182602, AQRRGRVGR, Dengue virus 3 Martinique/1243/1999, 408691, nM, 417, Positive-High, 13.2, HLA-A*31:01, 225, I;","1"
"ARGYISTRVEMGEAA","","0","1031833, 8794288, 4152, ARGYISTRVEMGEAA, Dengue virus 2 Thailand/NGS-C/1944, 11065, Mus musculus BALB/c, 10000000, cytotoxicity, Positive, H-2-Kd, ;1031834, 8794288, 4152, ARGYISTRVEMGEAA, Dengue virus 2 Thailand/NGS-C/1944, 11065, Mus musculus BALB/c, 10000000, cytotoxicity, Positive, H-2-Kd, ;1031835, 8794288, 4152, ARGYISTRVEMGEAA, Dengue virus 2 Thailand/NGS-C/1944, 11065, Mus musculus BALB/c, 10000000, cytotoxicity, Positive, H-2-Kd, ;1031836, 8794288, 4152, ARGYISTRVEMGEAA, Dengue virus 2 Thailand/NGS-C/1944, 11065, Mus musculus BALB/c, 10000000, cytotoxicity, Positive, H-2-Kd, ;","4","","0"
"ASSMVNGVVR","","0","1941395, , 180376, ASSMVNGVVR, Dengue virus, 12637, Homo sapiens, 9606, IFNg release, Positive, HLA-B*57:01, 268;2377749, 25320311, 180376, ASSMVNGVVR, Dengue virus 1, 11053, Homo sapiens, 9606, IFNg release, Positive, HLA-B*57:01, 268;","2","1888520, , 180376, ASSMVNGVVR, Dengue virus 2 Jamaica/1409/1983, 11064, nM, 417, Negative, 44100, HLA-A*31:01, 225, I;1889360, , 180376, ASSMVNGVVR, Dengue virus 2 Jamaica/1409/1983, 11064, nM, 417, Positive-High, 47.7, HLA-A*68:01, 230, I;1892725, , 180376, ASSMVNGVVR, Dengue virus 2 Jamaica/1409/1983, 11064, nM, 417, Positive-Low, 1400, HLA-B*57:01, 268, I;1893012, , 180376, ASSMVNGVVR, Dengue virus 2 Jamaica/1409/1983, 11064, nM, 417, Positive-Low, 2060, HLA-B*58:01, 270, I;","4"
"AVSRGSAKLR","","0","","0","1888033, , 182668, AVSRGSAKLR, Dengue virus 2 Jamaica/1409/1983, 11064, nM, 417, Positive-Low, 1210, HLA-A*30:01, 223, I;","1"
"CGLFGKGSI","","0","14085, 10795519, 6310, CGLFGKGSI, Japanese encephalitis virus strain Nakayama, 11076, Mus musculus BALB/c, 10000000, cytotoxicity, Negative, H2-d class I, 169;14086, 10795519, 6310, CGLFGKGSI, Japanese encephalitis virus strain Nakayama, 11076, Mus musculus BALB/c, 10000000, cytotoxicity, Negative, H2-d class I, 169;","2","","0"
"CGRGGWSYY","","0","","0","1888466, , 182695, CGRGGWSYY, Dengue virus 3 Martinique/1243/1999, 408691, nM, 417, Positive-Intermediate, 253, HLA-A*30:02, 224, I;","1"
"CPTQGEPSL","","0","1854491, , 150158, CPTQGEPSL, Dengue virus 2, 11060, Mus musculus, 10090, IFNg release, Negative, HLA-B*07:02, 251;1941369, , 150158, CPTQGEPSL, Dengue virus, 12637, Homo sapiens, 9606, IFNg release, Positive, HLA-B*53:01, 44;2094818, 24190657, 150158, CPTQGEPSL, Dengue virus 2, 11060, Mus musculus C57BL/6 HLA-A*0201/Kb Tg, 10000076, IFNg release, Negative, HLA-B*07:02, 251;","3","1889943, , 150158, CPTQGEPSL, Dengue virus 2 Jamaica/1409/1983, 11064, nM, 417, Positive-Low, 1000, HLA-B*07:02, 251, I;1892231, , 150158, CPTQGEPSL, Dengue virus 2 Jamaica/1409/1983, 11064, nM, 417, Positive-Intermediate, 104, HLA-B*53:01, 44, I;","2"
"CVYNMMGKR","","0","","0","1886632, , 182743, CVYNMMGKR, Dengue virus 4 Philippines/H241/1956, 408686, nM, 417, Positive-Intermediate, 63.4, HLA-A*03:01, 211, I;1888750, , 182743, CVYNMMGKR, Dengue virus 4 Philippines/H241/1956, 408686, nM, 417, Positive-Intermediate, 137, HLA-A*31:01, 225, I;1889574, , 182743, CVYNMMGKR, Dengue virus 4 Philippines/H241/1956, 408686, nM, 417, Positive-Intermediate, 117, HLA-A*68:01, 230, I;","3"
"CVYNMMGKREKKLGE","","0","","0","1894174, , 195208, CVYNMMGKREKKLGE, Dengue virus 2 Jamaica/1409/1983, 11064, nM, 417, Positive-High, 9.13, HLA-DRB1*11:01, 419, II;","1"
"DEAHFTDPAS","","0","","0","1888191, , 182753, DEAHFTDPAS, Dengue virus 2 Jamaica/1409/1983, 11064, nM, 417, Negative, 13900, HLA-A*30:01, 223, I;","1"
"DEAHFTDPSS","","0","","0","1888210, , 182754, DEAHFTDPSS, Dengue virus 4 Philippines/H241/1956, 408686, nM, 417, Positive-Intermediate, 165, HLA-A*30:01, 223, I;","1"
"DGCWYGMEIR","","0","","0","1889285, , 182768, DGCWYGMEIR, Dengue virus 2 Jamaica/1409/1983, 11064, nM, 417, Positive-Intermediate, 154, HLA-A*33:01, 226, I;","1"
"DISEMGANF","","0","2377730, 25320311, 182772, DISEMGANF, Dengue virus 1, 11053, Homo sapiens, 9606, IFNg release, Positive, HLA-A*26:01, 218;","1","1887905, , 182772, DISEMGANF, Dengue virus 3 Martinique/1243/1999, 408691, nM, 417, Positive-Low, 4660, HLA-A*26:01, 218, I;","1"
"DPASIAARGY","","0","1941260, , 180408, DPASIAARGY, Dengue virus, 12637, Homo sapiens, 9606, IFNg release, Positive, HLA-B*35:01, 195;1981161, 23580623, 180408, DPASIAARGY, Dengue virus 1, 11053, Homo sapiens, 9606, IFNg release, Positive, HLA-B*35:01, 195;2096647, , 180408, DPASIAARGY, Dengue virus 2, 11060, Homo sapiens, 9606, IFNg release, Positive, HLA-B*35:01, 195;2377728, 25320311, 180408, DPASIAARGY, Dengue virus 3, 11069, Homo sapiens, 9606, IFNg release, Positive, HLA-B*35:01, 195;","4","1891007, , 180408, DPASIAARGY, Dengue virus 2 Jamaica/1409/1983, 11064, nM, 417, Negative, 5620, HLA-B*35:01, 195, I;","1"
"DQRGSGQVVTYALNT","","0","1794860, 20607226, 137389, DQRGSGQVVTYALNT, Yellow fever virus 17D, 11090, Macaca mulatta, 9544, IFNg release, Positive, Mamu-class I, 823;","1","2131651, , 137389, DQRGSGQVVTYALNT, Yellow fever virus, 11089, nM, 418, Positive-Low, 2432, HLA-DQA1*01:03/DQB1*06:03, 511, II;2132046, , 137389, DQRGSGQVVTYALNT, Yellow fever virus, 11089, nM, 418, Positive-Low, 1060, HLA-DQA1*02:01/DQB1*03:03, 722, II;2133672, , 137389, DQRGSGQVVTYALNT, Yellow fever virus, 11089, nM, 418, Positive-Intermediate, 632, HLA-DRA*01:01/DRB1*01:01 C30S mutant, 782, II;2134561, , 137389, DQRGSGQVVTYALNT, Yellow fever virus, 11089, nM, 418, Positive-Low, 3060, HLA-DRA*01:01/DRB1*03:01, 631, II;2135426, , 137389, DQRGSGQVVTYALNT, Yellow fever virus, 11089, nM, 418, Negative, 10000, HLA-DRA*01:01/DRB1*04:04, 48, II;2136299, , 137389, DQRGSGQVVTYALNT, Yellow fever virus, 11089, nM, 418, Positive-Intermediate, 570, HLA-DRA*01:01/DRB1*07:01, 49, II;2137156, , 137389, DQRGSGQVVTYALNT, Yellow fever virus, 11089, nM, 418, Positive-Low, 5293, HLA-DRA*01:01/DRB1*08:01, 50, II;2138050, , 137389, DQRGSGQVVTYALNT, Yellow fever virus, 11089, nM, 418, Positive-Intermediate, 455, HLA-DRA*01:01/DRB1*09:01, 780, II;2138914, , 137389, DQRGSGQVVTYALNT, Yellow fever virus, 11089, nM, 418, Positive-Low, 1085, HLA-DRA*01:01/DRB1*11:01, 757, II;2139786, , 137389, DQRGSGQVVTYALNT, Yellow fever virus, 11089, nM, 418, Positive-Low, 1718, HLA-DRA*01:01/DRB1*13:01, 761, II;2140627, , 137389, DQRGSGQVVTYALNT, Yellow fever virus, 11089, nM, 418, Positive-Low, 1165, HLA-DRA*01:01/DRB1*14:54, 779, II;2141492, , 137389, DQRGSGQVVTYALNT, Yellow fever virus, 11089, nM, 418, Positive-Low, 1700, HLA-DRA*01:01/DRB3*01:01, 781, II;2142326, , 137389, DQRGSGQVVTYALNT, Yellow fever virus, 11089, nM, 418, Positive-High, 20, HLA-DRA*01:01/DRB3*02:02, 763, II;2143110, , 137389, DQRGSGQVVTYALNT, Yellow fever virus, 11089, nM, 418, Positive-Intermediate, 238, HLA-DRA*01:01/DRB3*03:01, 758, II;2143968, , 137389, DQRGSGQVVTYALNT, Yellow fever virus, 11089, nM, 418, Positive-Intermediate, 699, HLA-DRA*01:01/DRB4*01:03, 759, II;2144789, , 137389, DQRGSGQVVTYALNT, Yellow fever virus, 11089, ","23"
"DTAGWDTRI","","0","","0","1887912, , 182791, DTAGWDTRI, Dengue virus 4 Thailand/0348/1991, 408688, nM, 417, Positive-Intermediate, 345, HLA-A*26:01, 218, I;1889866, , 182791, DTAGWDTRI, Dengue virus 4 Thailand/0348/1991, 408688, nM, 417, Positive-High, 47.5, HLA-A*68:02, 231, I;","2"
"DTAWDFGSV","","0","","0","1887766, , 182794, DTAWDFGSV, Dengue virus 3 Martinique/1243/1999, 408691, nM, 417, Positive-Intermediate, 172, HLA-A*26:01, 218, I;1889719, , 182794, DTAWDFGSV, Dengue virus 3 Martinique/1243/1999, 408691, nM, 417, Positive-High, 1.5, HLA-A*68:02, 231, I;","2"
"DTTPFGQQR","","0","1941113, , 180411, DTTPFGQQR, Dengue virus, 12637, Homo sapiens, 9606, IFNg release, Positive, HLA-A*33:01, 226;1941116, , 180411, DTTPFGQQR, Dengue virus, 12637, Homo sapiens, 9606, IFNg release, Positive, HLA-A*68:01, 230;1981142, 23580623, 180411, DTTPFGQQR, Dengue virus 1, 11053, Homo sapiens, 9606, IFNg release, Positive, HLA-A*68:01, 230;1981186, 23580623, 180411, DTTPFGQQR, Dengue virus 1, 11053, Homo sapiens, 9606, IFNg release, Positive, HLA-A*33:01, 226;2096648, , 180411, DTTPFGQQR, Dengue virus 2, 11060, Homo sapiens, 9606, IFNg release, Positive, HLA-A*33:01, 226;2096649, , 180411, DTTPFGQQR, Dengue virus 2, 11060, Homo sapiens, 9606, IFNg release, Positive, HLA-A*68:01, 230;","6","1889298, , 180411, DTTPFGQQR, Dengue virus 4 Philippines/H241/1956, 408686, nM, 417, Positive-Intermediate, 94.5, HLA-A*33:01, 226, I;1889573, , 180411, DTTPFGQQR, Dengue virus 4 Philippines/H241/1956, 408686, nM, 417, Positive-Intermediate, 91, HLA-A*68:01, 230, I;","2"
"EAAAIFMTA","","0","","0","1889856, , 182839, EAAAIFMTA, Dengue virus 1 Brazil/97-11/1997, 408685, nM, 417, Positive-High, 0.301, HLA-A*68:02, 231, I;","1"
"EAHFTDPASIAARGY","","0","7180, 15827181, 11063, EAHFTDPASIAARGY, Dengue virus 2 Thailand/16681/84, 31634, Homo sapiens, 9606, IFNg release, Positive, HLA-class I, 303;1276248, 16632108, 11063, EAHFTDPASIAARGY, Dengue virus 3, 11069, Homo sapiens, 9606, IFNg release, Negative, HLA-class I, 303;","2","","0"
"EFGKAKGSR","","0","","0","1889299, , 182914, EFGKAKGSR, Dengue virus 3 Martinique/1243/1999, 408691, nM, 417, Positive-Intermediate, 125, HLA-A*33:01, 226, I;","1"
"EFGKAKGSRAIWYMW","","0","1659684, , 113359, EFGKAKGSRAIWYMW, Yellow fever virus, 11089, Mus musculus HLA-A24 Tg, 10001166, IFNg release, Positive, HLA-A*24:02, 215;1972606, 23383350, 113359, EFGKAKGSRAIWYMW, Yellow fever virus 17D, 11090, Homo sapiens, 9606, IFNg release, Positive, HLA-B*15:01, 257;1976140, 23383350, 113359, EFGKAKGSRAIWYMW, Yellow fever virus 17D, 11090, Homo sapiens, 9606, IFNg release, Positive, HLA-B*15:01, 257;","3","1972080, 23383350, 113359, EFGKAKGSRAIWYMW, Yellow fever virus 17D, 11090, nM, 417, Positive-High, 72, HLA-DRB1*01:01, 52, II;1972081, 23383350, 113359, EFGKAKGSRAIWYMW, Yellow fever virus 17D, 11090, nM, 417, Negative, 5988, HLA-DRB1*03:01, 57, II;1972082, 23383350, 113359, EFGKAKGSRAIWYMW, Yellow fever virus 17D, 11090, nM, 417, Positive-Intermediate, 884, HLA-DRB1*04:01, 63, II;1972083, 23383350, 113359, EFGKAKGSRAIWYMW, Yellow fever virus 17D, 11090, nM, 417, Negative, 1198, HLA-DRB1*04:04, 407, II;1972084, 23383350, 113359, EFGKAKGSRAIWYMW, Yellow fever virus 17D, 11090, nM, 417, Negative, 1186, HLA-DRB1*04:05, 408, II;1972085, 23383350, 113359, EFGKAKGSRAIWYMW, Yellow fever virus 17D, 11090, nM, 417, Positive-High, 53, HLA-DRB1*07:01, 413, II;1972086, 23383350, 113359, EFGKAKGSRAIWYMW, Yellow fever virus 17D, 11090, nM, 417, Negative, 2388, HLA-DRB1*08:02, 415, II;1972087, 23383350, 113359, EFGKAKGSRAIWYMW, Yellow fever virus 17D, 11090, nM, 417, Positive-Intermediate, 428, HLA-DRB1*09:01, 417, II;1972088, 23383350, 113359, EFGKAKGSRAIWYMW, Yellow fever virus 17D, 11090, nM, 417, Negative, 4721, HLA-DRB1*11:01, 419, II;1972089, 23383350, 113359, EFGKAKGSRAIWYMW, Yellow fever virus 17D, 11090, nM, 417, Negative, 2637, HLA-DRB1*13:02, 425, II;1972090, 23383350, 113359, EFGKAKGSRAIWYMW, Yellow fever virus 17D, 11090, nM, 417, Positive-Intermediate, 450, HLA-DRB1*15:01, 436, II;1972091, 23383350, 113359, EFGKAKGSRAIWYMW, Yellow fever virus 17D, 11090, nM, 417, Negative, 1043, HLA-DRB3*01:01, 358, II;1972092, 23383350, 113359, EFGKAKGSRAIWYMW, Yellow fever virus 17D, 11090, nM, 417, Positive-Intermediate, 417, HLA-DRB4*01:01, 363, II;1972093, 23383350, 113359, EFGKAKGSRAIWYMW, Yellow fever virus 17D, 11090, nM, 417, Positive-Intermediate, 537, HLA-DRB5*01:01, 368, II;","14"
"EGVFHTMWHV","","0","","0","1889742, , 182922, EGVFHTMWHV, Dengue virus 3 Martinique/1243/1999, 408691, nM, 417, Positive-High, 49.7, HLA-A*68:02, 231, I;","1"
"EIVDLMCHA","","0","","0","1887903, , 182936, EIVDLMCHA, Dengue virus 2 Jamaica/1409/1983, 11064, nM, 417, Positive-Low, 1580, HLA-A*26:01, 218, I;1889854, , 182936, EIVDLMCHA, Dengue virus 2 Jamaica/1409/1983, 11064, nM, 417, Positive-High, 44, HLA-A*68:02, 231, I;","2"
"EIVDLMCHAT","","0","11924, 7690424, 12605, EIVDLMCHAT, Dengue virus 4 Dominica/814669/1981, 408871, Homo sapiens, 9606, cytotoxicity, Positive, HLA-DPw2, 79;1066591, 9568963, 12605, EIVDLMCHAT, Dengue virus type 3 CH53489, 10000442, Homo sapiens, 9606, cytotoxicity, Positive, HLA-DPw2, 79;","2","","0"
"EMGANFKADR","","0","","0","1889180, , 182972, EMGANFKADR, Dengue virus 3 Martinique/1243/1999, 408691, nM, 417, Positive-Low, 1540, HLA-A*33:01, 226, I;","1"
"ERVILAGPMP","","0","","0","1888195, , 183015, ERVILAGPMP, Dengue virus 2 Jamaica/1409/1983, 11064, nM, 417, Negative, 7510, HLA-A*30:01, 223, I;","1"
"ETACLGKSY","","0","1854263, , 14325, ETACLGKSY, Dengue virus 1, 11053, Mus musculus, 10090, IFNg release, Negative, HLA-A*01:01, 142;1941033, , 14325, ETACLGKSY, Dengue virus, 12637, Homo sapiens, 9606, IFNg release, Positive, HLA-A*01:01, 142;1941102, , 14325, ETACLGKSY, Dengue virus, 12637, Homo sapiens, 9606, IFNg release, Positive, HLA-A*26:01, 218;2096665, , 14325, ETACLGKSY, Dengue virus 2, 11060, Homo sapiens, 9606, IFNg release, Positive, HLA-A*26:01, 218;2377762, 25320311, 14325, ETACLGKSY, Dengue virus 1, 11053, Homo sapiens, 9606, IFNg release, Positive, HLA-A*26:01, 218;","5","1407240, , 14325, ETACLGKSY, Dengue virus 1 Singapore/S275/1990, 33741, nM, 418, Positive-Low, 1749.5, HLA-A*01:01, 142, I;1448804, , 14325, ETACLGKSY, Dengue virus 1 Singapore/S275/1990, 33741, nM, 418, Negative, 20000, HLA-A*80:01, 538, I;1614130, , 14325, ETACLGKSY, Dengue virus 2 Thailand/16681/84, 31634, nM, 418, Negative, 20000, HLA-A*30:01, 223, I;1614131, , 14325, ETACLGKSY, Dengue virus 2 Thailand/16681/84, 31634, nM, 418, Negative, 20000, HLA-B*07:02, 251, I;1614132, , 14325, ETACLGKSY, Dengue virus 2 Thailand/16681/84, 31634, nM, 418, Negative, 20000, HLA-B*51:01, 40, I;1614133, , 14325, ETACLGKSY, Dengue virus 2 Thailand/16681/84, 31634, nM, 418, Negative, 20000, HLA-B*57:01, 268, I;1614134, , 14325, ETACLGKSY, Dengue virus 2 Thailand/16681/84, 31634, nM, 418, Negative, 20000, HLA-B*40:01, 28, I;1614135, , 14325, ETACLGKSY, Dengue virus 2 Thailand/16681/84, 31634, nM, 418, Negative, 20000, HLA-B*58:01, 270, I;1614136, , 14325, ETACLGKSY, Dengue virus 2 Thailand/16681/84, 31634, nM, 418, Negative, 20000, HLA-B*44:02, 33, I;1614137, , 14325, ETACLGKSY, Dengue virus 2 Thailand/16681/84, 31634, nM, 418, Negative, 20000, HLA-B*18:01, 185, I;1614138, , 14325, ETACLGKSY, Dengue virus 2 Thailand/16681/84, 31634, nM, 418, Positive-High, 22, HLA-A*25:01, 514, I;1614139, , 14325, ETACLGKSY, Dengue virus 2 Thailand/16681/84, 31634, nM, 418, Positive-Intermediate, 272, HLA-A*29:02, 222, I;1885890, , 14325, ETACLGKSY, Dengue virus 2 Jamaica/1409/1983, 11064, nM, 417, Negative, 8380, HLA-A*01:01, 142, I;1887913, , 14325, ETACLGKSY, Dengue virus 2 Jamaica/1409/1983, 11064, nM, 417, Positive-Intermediate, 52.5, HLA-A*26:01, 218, I;1940595, 22039500, 14325, ETACLGKSY, Dengue virus 2, 11060, nM, 418, Negative, 1750, HLA-A*01:01, 142, I;","15"
"ETACLGKSYA","","0","1941103, , 180443, ETACLGKSYA, Dengue virus, 12637, Homo sapiens, 9606, IFNg release, Positive, HLA-A*26:01, 218;2096666, , 180443, ETACLGKSYA, Dengue virus 2, 11060, Homo sapiens, 9606, IFNg release, Positive, HLA-A*26:01, 218;","2","1887914, , 180443, ETACLGKSYA, Dengue virus 2 Jamaica/1409/1983, 11064, nM, 417, Positive-Intermediate, 163, HLA-A*26:01, 218, I;1889870, , 180443, ETACLGKSYA, Dengue virus 2 Jamaica/1409/1983, 11064, nM, 417, Positive-High, 7.48, HLA-A*68:02, 231, I;","2"
"EVPFCSHHF","","0","","0","1887871, , 183121, EVPFCSHHF, Dengue virus 4 Philippines/H241/1956, 408686, nM, 417, Negative, 6630, HLA-A*26:01, 218, I;","1"
"FCIKVLCPY","","0","","0","1407729, , 15329, FCIKVLCPY, West Nile virus, 11082, nM, 418, Positive-Intermediate, 313.5, HLA-A*26:01, 218, I;1608518, , 15329, FCIKVLCPY, West Nile virus SPU116/89, 449278, nM, 418, Positive-Intermediate, 96, HLA-A*26:02, 219, I;1834255, 20856867, 15329, FCIKVLCPY, West Nile virus, 11082, nM, 267, Positive, 314, HLA-A*26:01, 218, I;2151229, , 15329, FCIKVLCPY, Japanese encephalitis virus, 11072, min, 289, Negative, 0, HLA-B*15:01, 257, I;","4"
"FLEFEALGFL","","0","1854268, , 150207, FLEFEALGFL, Dengue virus 2, 11060, Mus musculus, 10090, IFNg release, Negative, HLA-A*01:01, 142;1854375, , 150207, FLEFEALGFL, Dengue virus 2, 11060, Mus musculus, 10090, IFNg release, Negative, HLA-A*02:01, 143;","2","1885896, , 150207, FLEFEALGFL, Dengue virus 4 Philippines/H241/1956, 408686, nM, 417, Positive-Low, 3230, HLA-A*01:01, 142, I;1893646, , 150207, FLEFEALGFL, Dengue virus 4 Philippines/H241/1956, 408686, nM, 417, Positive-High, 28.1, HLA-A*02:01, 143, I;1893647, , 150207, FLEFEALGFL, Dengue virus 4 Philippines/H241/1956, 408686, nM, 417, Positive-Intermediate, 107, HLA-A*02:17, 590, I;","3"
"FTDPASIAA","","0","1854249, , 150222, FTDPASIAA, Dengue virus 1, 11053, Mus musculus, 10090, IFNg release, Negative, HLA-A*01:01, 142;2094519, 24190657, 150222, FTDPASIAA, Dengue virus 2, 11060, Mus musculus C57BL/6 HLA-A*0201/Kb Tg, 10000076, IFNg release, Negative, HLA-A*01:01, 142;","2","1885876, , 150222, FTDPASIAA, Dengue virus 2 Jamaica/1409/1983, 11064, nM, 417, Positive-High, 7.26, HLA-A*01:01, 142, I;1886493, , 150222, FTDPASIAA, Dengue virus 2 Jamaica/1409/1983, 11064, nM, 417, Positive-High, 32.6, HLA-A*02:06, 204, I;","2"
"FTDPASIAAR","","0","","0","1889178, , 183259, FTDPASIAAR, Dengue virus 2 Jamaica/1409/1983, 11064, nM, 417, Positive-Intermediate, 125, HLA-A*33:01, 226, I;1889562, , 183259, FTDPASIAAR, Dengue virus 2 Jamaica/1409/1983, 11064, nM, 417, Positive-High, 25.6, HLA-A*68:01, 230, I;","2"
"FTDPSSIAA","","0","2094497, 24190657, 183260, FTDPSSIAA, Dengue virus 1, 11053, Mus musculus C57BL/6 HLA-A*0201/Kb Tg, 10000076, IFNg release, Negative, HLA-A*01:01, 142;","1","1893666, , 183260, FTDPSSIAA, , , nM, 417, Positive-High, 2.95, HLA-A*01:01, 142, I;1893702, , 183260, FTDPSSIAA, , , nM, 417, Positive-High, 36.8, HLA-A*02:06, 204, I;","2"
"FTDPSSIAAR","","0","","0","1893855, , 183261, FTDPSSIAAR, , , nM, 417, Positive-Intermediate, 57.1, HLA-A*68:01, 230, I;","1"
"FVVTTDISEM","","0","","0","1886505, , 183306, FVVTTDISEM, Dengue virus 3 Martinique/1243/1999, 408691, nM, 417, Positive-Intermediate, 297, HLA-A*02:06, 204, I;","1"
"FVVTTDISEMGANFK","","0","2012014, 24130917, 190761, FVVTTDISEMGANFK, Dengue virus 3, 11069, Mus musculus HLA-DR2 Tg, 10000605, IFNg release, Negative, HLA-DR2, 339;2012015, 24130917, 190761, FVVTTDISEMGANFK, Dengue virus 3, 11069, Mus musculus HLA-DR3 Tg, 10000607, IFNg release, Negative, HLA-DR3, 340;2012016, 24130917, 190761, FVVTTDISEMGANFK, Dengue virus 3, 11069, Mus musculus HLA-DR4 Tg, 10000610, IFNg release, Positive-High, HLA-DR4, 341;","3","2010689, 24130917, 190761, FVVTTDISEMGANFK, Dengue virus 3, 11069, nM, 1, Negative, 1954, HLA-DRB1*01:01, 52, II;2010690, 24130917, 190761, FVVTTDISEMGANFK, Dengue virus 3, 11069, nM, 1, Positive-High, 44, HLA-DRB1*03:01, 57, II;2010691, 24130917, 190761, FVVTTDISEMGANFK, Dengue virus 3, 11069, nM, 1, Positive-High, 17, HLA-DRB1*04:01, 63, II;2010692, 24130917, 190761, FVVTTDISEMGANFK, Dengue virus 3, 11069, nM, 1, Positive-Low, 903, HLA-DRB1*04:04, 407, II;2010693, 24130917, 190761, FVVTTDISEMGANFK, Dengue virus 3, 11069, nM, 1, Positive, 206, HLA-DRB1*04:05, 408, II;2010694, 24130917, 190761, FVVTTDISEMGANFK, Dengue virus 3, 11069, nM, 1, Negative, 3629, HLA-DRB1*07:01, 413, II;2010695, 24130917, 190761, FVVTTDISEMGANFK, Dengue virus 3, 11069, nM, 1, Positive, 165, HLA-DRB1*08:02, 415, II;2010696, 24130917, 190761, FVVTTDISEMGANFK, Dengue virus 3, 11069, nM, 1, Negative, 11639, HLA-DRB1*09:01, 417, II;2010697, 24130917, 190761, FVVTTDISEMGANFK, Dengue virus 3, 11069, nM, 1, Negative, 2961, HLA-DRB1*11:01, 419, II;2010698, 24130917, 190761, FVVTTDISEMGANFK, Dengue virus 3, 11069, nM, 1, Negative, 1791, HLA-DRB1*13:02, 425, II;2010699, 24130917, 190761, FVVTTDISEMGANFK, Dengue virus 3, 11069, nM, 1, Negative, 1364, HLA-DRB1*15:01, 436, II;2010700, 24130917, 190761, FVVTTDISEMGANFK, Dengue virus 3, 11069, nM, 1, Negative, 1587, HLA-DRB3*01:01, 358, II;2010701, 24130917, 190761, FVVTTDISEMGANFK, Dengue virus 3, 11069, nM, 1, Negative, , HLA-DRB4*01:01, 363, II;2010702, 24130917, 190761, FVVTTDISEMGANFK, Dengue virus 3, 11069, nM, 1, Positive, 291, HLA-DRB5*01:01, 368, II;","14"
"GCGRGGWSY","","0","","0","1888245, , 183324, GCGRGGWSY, Dengue virus 3 Martinique/1243/1999, 408691, nM, 417, Positive-Intermediate, 439, HLA-A*30:02, 224, I;","1"
"GCGRGGWSYY","","0","","0","1888465, , 183325, GCGRGGWSYY, Dengue virus 3 Martinique/1243/1999, 408691, nM, 417, Positive-High, 9.43, HLA-A*30:02, 224, I;","1"
"GDLPVWLAY","","0","","0","2007926, 23280567, 193451, GDLPVWLAY, Dengue virus 2, 11060, , 354, Negative, , HLA-B*55:02, 266, I;","1"
"GEFGKAKGS","","0","","0","1891867, , 183331, GEFGKAKGS, Dengue virus 2 Jamaica/1409/1983, 11064, nM, 417, Positive-Low, 4160, HLA-B*44:03, 34, I;","1"
"GEQRKTFVEL","","0","1941307, , 180475, GEQRKTFVEL, Dengue virus, 12637, Homo sapiens, 9606, IFNg release, Positive, HLA-B*40:01, 28;1981128, 23580623, 180475, GEQRKTFVEL, Dengue virus 4, 11070, Homo sapiens, 9606, IFNg release, Positive, HLA-B*40:01, 28;","2","1891235, , 180475, GEQRKTFVEL, Dengue virus 4 Philippines/H241/1956, 408686, nM, 417, Positive-High, 4.86, HLA-B*40:01, 28, I;","1"
"GEWMTTEDMLEVWNRVWI","","0","1964450, 22573867, 177690, GEWMTTEDMLEVWNRVWI, West Nile virus, 11082, Mus musculus HLA Transgenic, 10001538, IFNg release, Negative, , ;","1","","0"
"GKAKGSRAIWYMWLG","","0","","0","2132130, , 230858, GKAKGSRAIWYMWLG, Yellow fever virus, 11089, nM, 418, Positive-Intermediate, 345, HLA-DQA1*02:01/DQB1*03:03, 722, II;2132920, , 230858, GKAKGSRAIWYMWLG, Yellow fever virus, 11089, nM, 418, Positive-Intermediate, 228, HLA-DQA1*05:01/DQB1*03:02, 710, II;2133769, , 230858, GKAKGSRAIWYMWLG, Yellow fever virus, 11089, nM, 418, Positive-High, 26, HLA-DRA*01:01/DRB1*01:01 C30S mutant, 782, II;2134655, , 230858, GKAKGSRAIWYMWLG, Yellow fever virus, 11089, nM, 418, Positive-Low, 1301, HLA-DRA*01:01/DRB1*03:01, 631, II;2135522, , 230858, GKAKGSRAIWYMWLG, Yellow fever virus, 11089, nM, 418, Negative, 10000, HLA-DRA*01:01/DRB1*04:04, 48, II;2136397, , 230858, GKAKGSRAIWYMWLG, Yellow fever virus, 11089, nM, 418, Positive-High, 7, HLA-DRA*01:01/DRB1*07:01, 49, II;2137259, , 230858, GKAKGSRAIWYMWLG, Yellow fever virus, 11089, nM, 418, Positive-Intermediate, 981, HLA-DRA*01:01/DRB1*08:01, 50, II;2138143, , 230858, GKAKGSRAIWYMWLG, Yellow fever virus, 11089, nM, 418, Positive-High, 57, HLA-DRA*01:01/DRB1*09:01, 780, II;2139016, , 230858, GKAKGSRAIWYMWLG, Yellow fever virus, 11089, nM, 418, Positive-High, 35, HLA-DRA*01:01/DRB1*11:01, 757, II;2139881, , 230858, GKAKGSRAIWYMWLG, Yellow fever virus, 11089, nM, 418, Positive-High, 19, HLA-DRA*01:01/DRB1*13:01, 761, II;2140722, , 230858, GKAKGSRAIWYMWLG, Yellow fever virus, 11089, nM, 418, Positive-Intermediate, 759, HLA-DRA*01:01/DRB1*14:54, 779, II;2141586, , 230858, GKAKGSRAIWYMWLG, Yellow fever virus, 11089, nM, 418, Positive-Low, 2209, HLA-DRA*01:01/DRB3*01:01, 781, II;2142419, , 230858, GKAKGSRAIWYMWLG, Yellow fever virus, 11089, nM, 418, Positive-Intermediate, 346, HLA-DRA*01:01/DRB3*02:02, 763, II;2143210, , 230858, GKAKGSRAIWYMWLG, Yellow fever virus, 11089, nM, 418, Positive-High, 62, HLA-DRA*01:01/DRB3*03:01, 758, II;2144062, , 230858, GKAKGSRAIWYMWLG, Yellow fever virus, 11089, nM, 418, Positive-High, 13, HLA-DRA*01:01/DRB4*01:03, 759, II;2144874, , 230858, GKAKGSRAIWYMWLG, Yellow fever virus, 11089, nM, 418","23"
"GLFGKGSLV","","0","2012235, 24130917, 183406, GLFGKGSLV, Dengue virus 3, 11069, Homo sapiens, 9606, IFNg release, Negative, HLA-A*02:01, 143;","1","1886044, , 183406, GLFGKGSLV, Dengue virus 3 Martinique/1243/1999, 408691, nM, 417, Positive-High, 2.92, HLA-A*02:03, 201, I;2014920, 24130917, 183406, GLFGKGSLV, Dengue virus 3, 11069, nM, 1, Positive-High, 2.9, HLA-A*02:01, 143, I;","2"
"GRLITANPVV","","0","","0","1888059, , 183469, GRLITANPVV, Dengue virus 3 Martinique/1243/1999, 408691, nM, 417, Positive-Low, 1430, HLA-A*30:01, 223, I;","1"
"GRTTWSIHGKGEWMT","","0","","0","2131700, , 230926, GRTTWSIHGKGEWMT, Yellow fever virus, 11089, nM, 418, Positive-Low, 6545, HLA-DQA1*01:03/DQB1*06:03, 511, II;2132159, , 230926, GRTTWSIHGKGEWMT, Yellow fever virus, 11089, nM, 418, Positive-Low, 2457, HLA-DQA1*02:01/DQB1*03:03, 722, II;2132952, , 230926, GRTTWSIHGKGEWMT, Yellow fever virus, 11089, nM, 418, Positive-Low, 3398, HLA-DQA1*05:01/DQB1*03:02, 710, II;2133801, , 230926, GRTTWSIHGKGEWMT, Yellow fever virus, 11089, nM, 418, Positive-Low, 1569, HLA-DRA*01:01/DRB1*01:01 C30S mutant, 782, II;2134686, , 230926, GRTTWSIHGKGEWMT, Yellow fever virus, 11089, nM, 418, Negative, 10000, HLA-DRA*01:01/DRB1*03:01, 631, II;2135554, , 230926, GRTTWSIHGKGEWMT, Yellow fever virus, 11089, nM, 418, Negative, 10000, HLA-DRA*01:01/DRB1*04:04, 48, II;2136429, , 230926, GRTTWSIHGKGEWMT, Yellow fever virus, 11089, nM, 418, Positive-Intermediate, 188, HLA-DRA*01:01/DRB1*07:01, 49, II;2137290, , 230926, GRTTWSIHGKGEWMT, Yellow fever virus, 11089, nM, 418, Positive-Intermediate, 285, HLA-DRA*01:01/DRB1*08:01, 50, II;2138173, , 230926, GRTTWSIHGKGEWMT, Yellow fever virus, 11089, nM, 418, Positive-Intermediate, 107, HLA-DRA*01:01/DRB1*09:01, 780, II;2139047, , 230926, GRTTWSIHGKGEWMT, Yellow fever virus, 11089, nM, 418, Positive-Intermediate, 249, HLA-DRA*01:01/DRB1*11:01, 757, II;2139913, , 230926, GRTTWSIHGKGEWMT, Yellow fever virus, 11089, nM, 418, Positive-Intermediate, 308, HLA-DRA*01:01/DRB1*13:01, 761, II;2140753, , 230926, GRTTWSIHGKGEWMT, Yellow fever virus, 11089, nM, 418, Positive-Intermediate, 260, HLA-DRA*01:01/DRB1*14:54, 779, II;2141615, , 230926, GRTTWSIHGKGEWMT, Yellow fever virus, 11089, nM, 418, Negative, 10000, HLA-DRA*01:01/DRB3*01:01, 781, II;2144090, , 230926, GRTTWSIHGKGEWMT, Yellow fever virus, 11089, nM, 418, Positive-Intermediate, 261, HLA-DRA*01:01/DRB4*01:03, 759, II;2144903, , 230926, GRTTWSIHGKGEWMT, Yellow fever virus, 11089, nM, 418, Positive-Intermediate, 323, HLA-DRA*01:01/DRB5*01:01, 487, II;2384905, , 230926, GRTTWSIHGKGEWMT, Yellow ","21"
"GSRAIWYMW","","0","1941390, , 180493, GSRAIWYMW, Dengue virus, 12637, Homo sapiens, 9606, IFNg release, Positive, HLA-B*57:01, 268;","1","1892728, , 180493, GSRAIWYMW, Dengue virus 4 Philippines/H241/1956, 408686, nM, 417, Positive-High, 1.72, HLA-B*57:01, 268, I;","1"
"GVFHTMWHV","","0","1854360, , 150271, GVFHTMWHV, Dengue virus 1, 11053, Mus musculus, 10090, IFNg release, Negative, HLA-A*02:01, 143;","1","1886491, , 150271, GVFHTMWHV, Dengue virus 3 Martinique/1243/1999, 408691, nM, 417, Positive-High, 4.41, HLA-A*02:06, 204, I;1889802, , 150271, GVFHTMWHV, Dengue virus 3 Martinique/1243/1999, 408691, nM, 417, Positive-High, 7.01, HLA-A*68:02, 231, I;1893616, , 150271, GVFHTMWHV, Dengue virus 4 Philippines/H241/1956, 408686, nM, 417, Positive-High, 7.59, HLA-A*02:01, 143, I;1893617, , 150271, GVFHTMWHV, Dengue virus 4 Philippines/H241/1956, 408686, nM, 417, Positive-Intermediate, 109, HLA-A*02:17, 590, I;","4"
"GVFHTMWHVT","","0","","0","1889027, , 183518, GVFHTMWHVT, Dengue virus 3 Martinique/1243/1999, 408691, nM, 417, Negative, 15000, HLA-A*32:01, 544, I;","1"
"GWGNGCGLF","","0","1940823, 22039500, 23250, GWGNGCGLF, Dengue virus 1, 11053, Mus musculus HLA-A24 Tg, 10001166, IFNg release, Negative, HLA-A*24:03, 216;1940838, 22039500, 23250, GWGNGCGLF, Dengue virus 1, 11053, Mus musculus HLA-A24 Tg, 10001166, IFNg release, Negative, HLA-A*24:03, 216;","2","1407377, , 23250, GWGNGCGLF, Dengue virus, 12637, nM, 418, Positive-High, 5.5, HLA-A*24:03, 216, I;1407378, , 23250, GWGNGCGLF, Dengue virus, 12637, nM, 418, Positive-High, 5.5, HLA-A*24:03, 216, I;1887322, , 23250, GWGNGCGLF, Dengue virus 4 Thailand/0348/1991, 408688, nM, 417, Positive-Low, 1260, HLA-A*23:01, 214, I;1887598, , 23250, GWGNGCGLF, Dengue virus 4 Thailand/0348/1991, 408688, nM, 417, Positive-Low, 4130, HLA-A*24:02, 215, I;1940633, 22039500, 23250, GWGNGCGLF, Dengue virus 1, 11053, nM, 418, Positive-High, 6, HLA-A*24:03, 216, I;2148970, , 23250, GWGNGCGLF, Japanese encephalitis virus, 11072, min, 289, Positive-Low, 32, HLA-A*24:02, 215, I;","6"
"GWGNGCGLFGKGSIV","","0","","0","2131708, , 230951, GWGNGCGLFGKGSIV, Yellow fever virus, 11089, nM, 418, Negative, 10000, HLA-DQA1*01:03/DQB1*06:03, 511, II;2132176, , 230951, GWGNGCGLFGKGSIV, Yellow fever virus, 11089, nM, 418, Negative, 10000, HLA-DQA1*02:01/DQB1*03:03, 722, II;2132971, , 230951, GWGNGCGLFGKGSIV, Yellow fever virus, 11089, nM, 418, Positive-Low, 1181, HLA-DQA1*05:01/DQB1*03:02, 710, II;2133820, , 230951, GWGNGCGLFGKGSIV, Yellow fever virus, 11089, nM, 418, Negative, 10000, HLA-DRA*01:01/DRB1*01:01 C30S mutant, 782, II;2134704, , 230951, GWGNGCGLFGKGSIV, Yellow fever virus, 11089, nM, 418, Negative, 10000, HLA-DRA*01:01/DRB1*03:01, 631, II;2135573, , 230951, GWGNGCGLFGKGSIV, Yellow fever virus, 11089, nM, 418, Negative, 10000, HLA-DRA*01:01/DRB1*04:04, 48, II;2136449, , 230951, GWGNGCGLFGKGSIV, Yellow fever virus, 11089, nM, 418, Positive-Low, 1660, HLA-DRA*01:01/DRB1*07:01, 49, II;2137310, , 230951, GWGNGCGLFGKGSIV, Yellow fever virus, 11089, nM, 418, Positive-Intermediate, 136, HLA-DRA*01:01/DRB1*08:01, 50, II;2138192, , 230951, GWGNGCGLFGKGSIV, Yellow fever virus, 11089, nM, 418, Positive-High, 18, HLA-DRA*01:01/DRB1*09:01, 780, II;2139066, , 230951, GWGNGCGLFGKGSIV, Yellow fever virus, 11089, nM, 418, Negative, 10000, HLA-DRA*01:01/DRB1*11:01, 757, II;2139932, , 230951, GWGNGCGLFGKGSIV, Yellow fever virus, 11089, nM, 418, Positive-Intermediate, 421, HLA-DRA*01:01/DRB1*13:01, 761, II;2140773, , 230951, GWGNGCGLFGKGSIV, Yellow fever virus, 11089, nM, 418, Positive-High, 24, HLA-DRA*01:01/DRB1*14:54, 779, II;2141634, , 230951, GWGNGCGLFGKGSIV, Yellow fever virus, 11089, nM, 418, Negative, 10000, HLA-DRA*01:01/DRB3*01:01, 781, II;2142466, , 230951, GWGNGCGLFGKGSIV, Yellow fever virus, 11089, nM, 418, Positive-Low, 1134, HLA-DRA*01:01/DRB3*02:02, 763, II;2143258, , 230951, GWGNGCGLFGKGSIV, Yellow fever virus, 11089, nM, 418, Positive-Intermediate, 626, HLA-DRA*01:01/DRB3*03:01, 758, II;2144109, , 230951, GWGNGCGLFGKGSIV, Yellow fever virus, 11089, nM, 418, Positive-Intermediate, 23","21"
"GYISTRVEM","","0","21701, 9847344, 23369, GYISTRVEM, Dengue virus 4, 11070, Mus musculus BALB/c, 10000000, cytotoxicity, Positive, H2-Kd, 124;21707, 9847344, 23369, GYISTRVEM, Dengue virus 4, 11070, Mus musculus BALB/c, 10000000, cytotoxicity, Positive, H2-Kd, 124;1468607, 17543427, 23369, GYISTRVEM, Dengue virus 2, 11060, Mus musculus BALB/c, 10000000, proliferation, Positive, H2-d class I, 169;1468608, 17543427, 23369, GYISTRVEM, Dengue virus 2, 11060, Mus musculus BALB/c, 10000000, proliferation, Positive, H2-d class I, 169;1468609, 17543427, 23369, GYISTRVEM, Dengue virus 2, 11060, Mus musculus BALB/c, 10000000, cytotoxicity, Positive, H2-d class I, 169;1468610, 17543427, 23369, GYISTRVEM, Dengue virus 2, 11060, Mus musculus BALB/c, 10000000, cytotoxicity, Positive, H2-d class I, 169;1468622, 17543427, 23369, GYISTRVEM, Dengue virus 2, 11060, Mus musculus BALB/c, 10000000, cytotoxicity, Positive, H2-d class I, 169;1468625, 17543427, 23369, GYISTRVEM, Dengue virus 2, 11060, Mus musculus BALB/c, 10000000, cytotoxicity, Positive, H2-d class I, 169;1679916, 19427342, 23369, GYISTRVEM, Dengue virus 2, 11060, Mus musculus BALB/c, 10000000, cytotoxicity, Positive, H2-Kd, 124;1884034, 22031819, 23369, GYISTRVEM, Dengue virus 2, 11060, Mus musculus BALB/c, 10000000, IFNg release, Positive, , ;","10","1887348, , 23369, GYISTRVEM, Dengue virus 2 Jamaica/1409/1983, 11064, nM, 417, Positive-Low, 1140, HLA-A*23:01, 214, I;","1"
"HLKCRLKMDK","","0","","0","1886529, , 183582, HLKCRLKMDK, Dengue virus 1 Brazil/97-11/1997, 408685, nM, 417, Positive-Intermediate, 68, HLA-A*03:01, 211, I;","1"
"IAARGYISTR","","0","","0","1889563, , 183634, IAARGYISTR, Dengue virus 2 Jamaica/1409/1983, 11064, nM, 417, Positive-High, 12, HLA-A*68:01, 230, I;","1"
"IAMTDTTPF","","0","","0","1890512, , 183642, IAMTDTTPF, Dengue virus 1 Brazil/97-11/1997, 408685, nM, 417, Positive-High, 4.25, HLA-B*15:01, 257, I;1890789, , 183642, IAMTDTTPF, Dengue virus 1 Brazil/97-11/1997, 408685, nM, 417, Positive-High, 1.18, HLA-B*35:01, 195, I;1892213, , 183642, IAMTDTTPF, Dengue virus 1 Brazil/97-11/1997, 408685, nM, 417, Positive-Intermediate, 172, HLA-B*53:01, 44, I;","3"
"ILAPTRVVAAEMEEA","","0","7171, 15827181, 26965, ILAPTRVVAAEMEEA, Dengue virus 2 Thailand/16681/84, 31634, Homo sapiens, 9606, IFNg release, Positive, HLA-class I, 303;1276235, 16632108, 26965, ILAPTRVVAAEMEEA, Dengue virus 3, 11069, Homo sapiens, 9606, IFNg release, Negative, HLA-class I, 303;","2","","0"
"ILRNPGYAL","","0","1832963, 20856867, 27295, ILRNPGYAL, West Nile virus, 11082, Homo sapiens, 9606, IFNg release, Positive, HLA-B*08:01, 252;","1","1407833, , 27295, ILRNPGYAL, West Nile virus, 11082, nM, 418, Positive-Intermediate, 483, HLA-B*08:01, 252, I;1455608, , 27295, ILRNPGYAL, West Nile virus, 11082, nM, 418, Negative, 20000, HLA-B*57:01, 268, I;1456116, , 27295, ILRNPGYAL, West Nile virus, 11082, nM, 418, Negative, 20000, HLA-A*01:01, 142, I;1456121, , 27295, ILRNPGYAL, West Nile virus, 11082, nM, 418, Negative, 20000, HLA-B*58:01, 270, I;1456131, , 27295, ILRNPGYAL, West Nile virus, 11082, nM, 418, Negative, 20000, HLA-B*18:01, 185, I;1456191, , 27295, ILRNPGYAL, West Nile virus, 11082, nM, 418, Negative, 20000, HLA-B*27:05, 190, I;1456229, , 27295, ILRNPGYAL, West Nile virus, 11082, nM, 418, Negative, 20000, HLA-B*48:01, 540, I;1456235, , 27295, ILRNPGYAL, West Nile virus, 11082, nM, 418, Negative, 20000, HLA-A*11:01, 213, I;1456275, , 27295, ILRNPGYAL, West Nile virus, 11082, nM, 418, Negative, 20000, HLA-B*40:01, 28, I;1456334, , 27295, ILRNPGYAL, West Nile virus, 11082, nM, 418, Negative, 20000, HLA-A*80:01, 538, I;1456347, , 27295, ILRNPGYAL, West Nile virus, 11082, nM, 418, Negative, 20000, HLA-A*31:01, 225, I;1456349, , 27295, ILRNPGYAL, West Nile virus, 11082, nM, 418, Negative, 20000, HLA-A*03:01, 211, I;1456392, , 27295, ILRNPGYAL, West Nile virus, 11082, nM, 418, Negative, 20000, HLA-B*44:02, 33, I;1609626, , 27295, ILRNPGYAL, West Nile virus strain PTRoxo, 406269, nM, 418, Negative, 20000, HLA-B*08:02, 253, I;1834229, 20856867, 27295, ILRNPGYAL, West Nile virus, 11082, nM, 267, Positive, 483, HLA-B*08:01, 252, I;2130161, , 27295, ILRNPGYAL, West Nile virus, 11082, nM, 418, Positive-High, 157, HLA-C*03:03, 307, I;2151413, , 27295, ILRNPGYAL, West Nile virus, 11082, min, 289, Positive-High, 402, HLA-B*15:01, 257, I;","17"
"IPYLGKREDL","","0","","0","1890112, , 183839, IPYLGKREDL, Dengue virus 4 Philippines/H241/1956, 408686, nM, 417, Positive-Intermediate, 50.3, HLA-B*07:02, 251, I;1890415, , 183839, IPYLGKREDL, Dengue virus 4 Philippines/H241/1956, 408686, nM, 417, Positive-Low, 785, HLA-B*08:01, 252, I;","2"
"IWYMWLGAR","","0","","0","1888633, , 183924, IWYMWLGAR, Dengue virus 3 Martinique/1243/1999, 408691, nM, 417, Positive-High, 29.9, HLA-A*31:01, 225, I;1889300, , 183924, IWYMWLGAR, Dengue virus 3 Martinique/1243/1999, 408691, nM, 417, Positive-High, 46.4, HLA-A*33:01, 226, I;","2"
"IWYMWLGARF","","0","","0","1887333, , 183925, IWYMWLGARF, Dengue virus 2 Jamaica/1409/1983, 11064, nM, 417, Positive-High, 8.27, HLA-A*23:01, 214, I;1887612, , 183925, IWYMWLGARF, Dengue virus 2 Jamaica/1409/1983, 11064, nM, 417, Positive-High, 6.14, HLA-A*24:02, 215, I;","2"
"KAKGSRAIW","","0","1941389, , 180548, KAKGSRAIW, Dengue virus, 12637, Homo sapiens, 9606, IFNg release, Positive, HLA-B*57:01, 268;2377756, 25320311, 180548, KAKGSRAIW, Dengue virus 1, 11053, Homo sapiens, 9606, IFNg release, Positive, HLA-B*57:01, 268;","2","1892726, , 180548, KAKGSRAIW, Dengue virus 3 Martinique/1243/1999, 408691, nM, 417, Positive-High, 10.1, HLA-B*57:01, 268, I;1893013, , 180548, KAKGSRAIW, Dengue virus 3 Martinique/1243/1999, 408691, nM, 417, Positive-Intermediate, 279, HLA-B*58:01, 270, I;","2"
"KAKGSRAIWY","","0","","0","1888472, , 183949, KAKGSRAIWY, Dengue virus 2 Jamaica/1409/1983, 11064, nM, 417, Positive-High, 6.68, HLA-A*30:02, 224, I;","1"
"KCRLKMDKL","","0","","0","1407389, , 30081, KCRLKMDKL, Dengue virus, 12637, nM, 418, Negative, 18295.5, HLA-B*08:01, 252, I;1940700, 22039500, 30081, KCRLKMDKL, Dengue virus 1, 11053, nM, 418, Negative, 18296, HLA-B*08:01, 252, I;","2"
"KGSRAIWYMW","","0","1941391, , 180561, KGSRAIWYMW, Dengue virus, 12637, Homo sapiens, 9606, IFNg release, Positive, HLA-B*57:01, 268;1941405, , 180561, KGSRAIWYMW, Dengue virus, 12637, Homo sapiens, 9606, IFNg release, Positive, HLA-B*58:01, 270;","2","1889036, , 180561, KGSRAIWYMW, Dengue virus 4 Philippines/H241/1956, 408686, nM, 417, Positive-Intermediate, 70.2, HLA-A*32:01, 544, I;1892727, , 180561, KGSRAIWYMW, Dengue virus 4 Philippines/H241/1956, 408686, nM, 417, Positive-High, 16.4, HLA-B*57:01, 268, I;1893014, , 180561, KGSRAIWYMW, Dengue virus 4 Philippines/H241/1956, 408686, nM, 417, Positive-High, 1.65, HLA-B*58:01, 270, I;","3"
"KLGEFGKAK","","0","","0","1886792, , 184050, KLGEFGKAK, Dengue virus 2 Jamaica/1409/1983, 11064, nM, 417, Positive-High, 22.1, HLA-A*03:01, 211, I;","1"
"KREDLWCGSL","","0","2096737, , 184130, KREDLWCGSL, Dengue virus 4, 11070, Homo sapiens, 9606, IFNg release, Positive, HLA-B*08:01, 252;","1","1890416, , 184130, KREDLWCGSL, Dengue virus 4 Philippines/H241/1956, 408686, nM, 417, Positive-Low, 4730, HLA-B*08:01, 252, I;","1"
"KSYAQMWLL","","0","","0","1407832, , 33567, KSYAQMWLL, West Nile virus, 11082, nM, 418, Positive-High, 8, HLA-B*58:01, 270, I;1834309, 20856867, 33567, KSYAQMWLL, West Nile virus, 11082, nM, 267, Positive, 8, HLA-B*58:01, 270, I;","2"
"KSYAQMWQL","","0","1941428, , 180578, KSYAQMWQL, Dengue virus, 12637, Homo sapiens, 9606, IFNg release, Positive, HLA-B*58:01, 270;","1","1892516, , 180578, KSYAQMWQL, Dengue virus 1 Brazil/97-11/1997, 408685, nM, 417, Positive-High, 1.98, HLA-B*57:01, 268, I;1892791, , 180578, KSYAQMWQL, Dengue virus 1 Brazil/97-11/1997, 408685, nM, 417, Positive-High, 7.83, HLA-B*58:01, 270, I;","2"
"KVIDLGCGR","","0","","0","1888515, , 184206, KVIDLGCGR, Dengue virus 1 Brazil/97-11/1997, 408685, nM, 417, Negative, 9210, HLA-A*31:01, 225, I;","1"
"KVRSNAALG","","0","","0","1888038, , 184216, KVRSNAALG, Dengue virus 2 Jamaica/1409/1983, 11064, nM, 417, Positive-High, 2.44, HLA-A*30:01, 223, I;","1"
"KVVDLGCGR","","0","","0","1888681, , 184224, KVVDLGCGR, Dengue virus 2 Jamaica/1409/1983, 11064, nM, 417, Positive-High, 1.29, HLA-A*31:01, 225, I;","1"
"LAPTRVVAAEME","","0","8020, 12023403, 34918, LAPTRVVAAEME, Dengue virus 4, 11070, Homo sapiens, 9606, cytotoxicity, Positive, HLA-B7, 300;8022, 12023403, 34918, LAPTRVVAAEME, Dengue virus 4, 11070, Homo sapiens, 9606, IFNg release, Positive, HLA-B7, 300;8024, 12023403, 34918, LAPTRVVAAEME, Dengue virus 4, 11070, Homo sapiens, 9606, cytotoxicity, Positive, HLA-B7, 300;1883829, 9557687, 34918, LAPTRVVAAEME, Dengue virus 4, 11070, Homo sapiens, 9606, cytotoxicity, Positive, HLA-B7, 300;1883832, 9557687, 34918, LAPTRVVAAEME, Dengue virus 4, 11070, Homo sapiens, 9606, cytotoxicity, Positive, HLA-B7, 300;1883835, 9557687, 34918, LAPTRVVAAEME, Dengue virus 4, 11070, Homo sapiens, 9606, cytotoxicity, Positive, HLA-B7, 300;1883838, 9557687, 34918, LAPTRVVAAEME, Dengue virus 4, 11070, Homo sapiens, 9606, cytotoxicity, Positive, HLA-B7, 300;1885316, 9557687, 34918, LAPTRVVAAEME, Dengue virus 4, 11070, Homo sapiens, 9606, cytotoxicity, Positive, HLA-B7, 300;","8","","0"
"LAPTRVVAAEMEEAL","","0","1031808, 9557687, 156711, LAPTRVVAAEMEEAL, Dengue virus 4, 11070, Homo sapiens, 9606, cytotoxicity, Positive, HLA-B7, 300;1883828, 9557687, 156711, LAPTRVVAAEMEEAL, Dengue virus 4, 11070, Homo sapiens, 9606, cytotoxicity, Positive, HLA-class II, 304;1883830, 9557687, 156711, LAPTRVVAAEMEEAL, Dengue virus 4, 11070, Homo sapiens, 9606, cytotoxicity, Positive, HLA-B7, 300;1883831, 9557687, 156711, LAPTRVVAAEMEEAL, Dengue virus 4, 11070, Homo sapiens, 9606, cytotoxicity, Positive, HLA-class II, 304;1883833, 9557687, 156711, LAPTRVVAAEMEEAL, Dengue virus 4, 11070, Homo sapiens, 9606, cytotoxicity, Positive, HLA-B7, 300;1883834, 9557687, 156711, LAPTRVVAAEMEEAL, Dengue virus 4, 11070, Homo sapiens, 9606, cytotoxicity, Positive, HLA-class II, 304;1883836, 9557687, 156711, LAPTRVVAAEMEEAL, Dengue virus 4, 11070, Homo sapiens, 9606, cytotoxicity, Positive, HLA-B7, 300;1883837, 9557687, 156711, LAPTRVVAAEMEEAL, Dengue virus 4, 11070, Homo sapiens, 9606, cytotoxicity, Positive, HLA-class II, 304;1885313, 9557687, 156711, LAPTRVVAAEMEEAL, Dengue virus 4, 11070, Homo sapiens, 9606, cytotoxicity, Positive, HLA-class II, 304;1885315, 9557687, 156711, LAPTRVVAAEMEEAL, Dengue virus 4, 11070, Homo sapiens, 9606, cytotoxicity, Positive, HLA-B7, 300;1972337, 23255803, 156711, LAPTRVVAAEMEEAL, Dengue virus 2 D2/SG/05K4155DK1/2005, 10002010, Homo sapiens, 9606, IFNg release, Positive, HLA-B7, 300;1972338, 23255803, 156711, LAPTRVVAAEMEEAL, Dengue virus 2 D2/SG/05K4155DK1/2005, 10002010, Homo sapiens, 9606, IFNg release, Positive, HLA-B7, 300;","12","","0"
"LEFEALGFL","","0","1941319, , 35458, LEFEALGFL, Dengue virus, 12637, Homo sapiens, 9606, IFNg release, Positive, HLA-B*40:01, 28;","1","1406912, , 35458, LEFEALGFL, Alkhumra hemorrhagic fever virus, 172148, nM, 418, Positive-High, 1, HLA-B*40:01, 28, I;1406913, , 35458, LEFEALGFL, Alkhumra hemorrhagic fever virus, 172148, nM, 418, Positive-High, 1, HLA-B*40:01, 28, I;1447786, , 35458, LEFEALGFL, Alkhumra hemorrhagic fever virus, 172148, nM, 418, Positive-High, 2.8, HLA-B*18:01, 185, I;1891302, , 35458, LEFEALGFL, Murray valley encephalitis virus (strain MVE-1-51), 301478, nM, 417, Positive-High, 0.6, HLA-B*40:01, 28, I;1891877, , 35458, LEFEALGFL, Murray valley encephalitis virus (strain MVE-1-51), 301478, nM, 417, Positive-Low, 4970, HLA-B*44:03, 34, I;1940744, 22039500, 35458, LEFEALGFL, Dengue virus 3, 11069, nM, 418, Positive-High, 1, HLA-B*40:01, 28, I;2152340, , 35458, LEFEALGFL, Japanese encephalitis virus, 11072, min, 289, Positive-Intermediate, 90, HLA-B*40:01, 28, I;","7"
"LEFEALGFLN","","0","1941321, , 180592, LEFEALGFLN, Dengue virus, 12637, Homo sapiens, 9606, IFNg release, Positive, HLA-B*40:01, 28;","1","1891303, , 180592, LEFEALGFLN, Murray valley encephalitis virus (strain MVE-1-51), 301478, nM, 417, Positive-Intermediate, 144, HLA-B*40:01, 28, I;","1"
"LGFLNEDHW","","0","1941394, , 180599, LGFLNEDHW, Dengue virus, 12637, Homo sapiens, 9606, IFNg release, Positive, HLA-B*57:01, 268;","1","1892735, , 180599, LGFLNEDHW, Murray valley encephalitis virus (strain MVE-1-51), 301478, nM, 417, Positive-Intermediate, 172, HLA-B*57:01, 268, I;","1"
"LGKSYAQMW","","0","2377763, 25320311, 184375, LGKSYAQMW, Dengue virus 4, 11070, Homo sapiens, 9606, IFNg release, Positive, HLA-B*57:01, 268;","1","1892730, , 184375, LGKSYAQMW, Dengue virus 2 Jamaica/1409/1983, 11064, nM, 417, Positive-Intermediate, 92.7, HLA-B*57:01, 268, I;","1"
"LILAPTRVV","","0","","0","1100243, , 36591, LILAPTRVV, Dengue virus 1 Singapore/S275/1990, 33741, , 278, Negative, , HLA-A*01:01, 142, I;1100244, , 36591, LILAPTRVV, Dengue virus 1 Singapore/S275/1990, 33741, nM, 418, Positive-Low, 3449.5, HLA-A*02:01, 143, I;1100245, , 36591, LILAPTRVV, Dengue virus 1 Singapore/S275/1990, 33741, , 278, Negative, , HLA-A*03:01, 211, I;1100246, , 36591, LILAPTRVV, Dengue virus 1 Singapore/S275/1990, 33741, , 278, Negative, , HLA-A*11:01, 213, I;1100247, , 36591, LILAPTRVV, Dengue virus 1 Singapore/S275/1990, 33741, , 278, Negative, , HLA-A*31:01, 225, I;1100248, , 36591, LILAPTRVV, Dengue virus 1 Singapore/S275/1990, 33741, , 278, Negative, , HLA-B*27:05, 190, I;1100249, , 36591, LILAPTRVV, Dengue virus 1 Singapore/S275/1990, 33741, , 278, Negative, , HLA-B*07:02, 251, I;1100250, , 36591, LILAPTRVV, Dengue virus 1 Singapore/S275/1990, 33741, nM, 418, Positive-Intermediate, 242.23, HLA-A*69:01, 232, I;1100251, , 36591, LILAPTRVV, Dengue virus 1 Singapore/S275/1990, 33741, , 278, Negative, , HLA-B*15:01, 257, I;1100252, , 36591, LILAPTRVV, Dengue virus 1 Singapore/S275/1990, 33741, , 278, Negative, , HLA-B*58:01, 270, I;1100253, , 36591, LILAPTRVV, Dengue virus 1 Singapore/S275/1990, 33741, , 278, Negative, , HLA-B*40:01, 28, I;","11"
"LMKRGDLPV","","0","2094658, 24190657, 225403, LMKRGDLPV, Dengue virus 4, 11070, Mus musculus C57BL/6 HLA-A*0201/Kb Tg, 10000076, IFNg release, Negative, HLA-A*02:01, 143;","1","","0"
"LRTLILAPTRVVAAE","","0","1276234, 16632108, 39225, LRTLILAPTRVVAAE, Dengue virus 3, 11069, Homo sapiens, 9606, IFNg release, Negative, HLA-class I, 303;","1","","0"
"LSRNSTHEM","","0","1941202, , 180632, LSRNSTHEM, Dengue virus, 12637, Homo sapiens, 9606, IFNg release, Positive, HLA-B*15:01, 257;","1","1888092, , 180632, LSRNSTHEM, Dengue virus 3 Martinique/1243/1999, 408691, nM, 417, Positive-Intermediate, 106, HLA-A*30:01, 223, I;1890725, , 180632, LSRNSTHEM, Dengue virus 3 Martinique/1243/1999, 408691, nM, 417, Positive-High, 39.7, HLA-B*15:01, 257, I;","2"
"LSRNSTHEMY","","0","1854259, , 150410, LSRNSTHEMY, Dengue virus 1, 11053, Mus musculus, 10090, IFNg release, Negative, HLA-A*01:01, 142;","1","1885886, , 150410, LSRNSTHEMY, Dengue virus 3 Martinique/1243/1999, 408691, nM, 417, Positive-Intermediate, 291, HLA-A*01:01, 142, I;1888467, , 150410, LSRNSTHEMY, Dengue virus 3 Martinique/1243/1999, 408691, nM, 417, Positive-High, 32.2, HLA-A*30:02, 224, I;1890726, , 150410, LSRNSTHEMY, Dengue virus 3 Martinique/1243/1999, 408691, nM, 417, Positive-High, 48.2, HLA-B*15:01, 257, I;","3"
"MMGKREKKL","","0","","0","1890457, , 184874, MMGKREKKL, Dengue virus 4 Philippines/H241/1956, 408686, nM, 417, Positive-High, 29.5, HLA-B*08:01, 252, I;","1"
"MTDTTPFGQ","","0","1854261, , 150459, MTDTTPFGQ, Dengue virus 1, 11053, Mus musculus, 10090, IFNg release, Negative, HLA-A*01:01, 142;","1","1885888, , 150459, MTDTTPFGQ, Dengue virus 4 Philippines/H241/1956, 408686, nM, 417, Positive-Low, 3770, HLA-A*01:01, 142, I;","1"
"MTTEDMLEV","","0","","0","2146704, , 232133, MTTEDMLEV, Yellow fever virus, 11089, min, 289, Positive-Low, 36, HLA-A*02:01, 143, I;","1"
"MVNGVVRLL","","0","","0","1889864, , 184975, MVNGVVRLL, Dengue virus 2 Jamaica/1409/1983, 11064, nM, 417, Positive-High, 25.8, HLA-A*68:02, 231, I;","1"
"MWLGARFLEF","","0","","0","1887336, , 184989, MWLGARFLEF, Dengue virus 2 Jamaica/1409/1983, 11064, nM, 417, Positive-High, 11.2, HLA-A*23:01, 214, I;1887615, , 184989, MWLGARFLEF, Dengue virus 2 Jamaica/1409/1983, 11064, nM, 417, Positive-High, 10.1, HLA-A*24:02, 215, I;","2"
"MYADDTAGW","","0","1940796, 22039500, 43033, MYADDTAGW, Dengue virus 1, 11053, Mus musculus HLA-A24 Tg, 10001166, IFNg release, Positive, HLA-A*24:02, 215;","1","1407234, , 43033, MYADDTAGW, Dengue virus 1 Singapore/S275/1990, 33741, nM, 418, Positive-Intermediate, 415, HLA-A*24:03, 216, I;1887339, , 43033, MYADDTAGW, Dengue virus 2 Jamaica/1409/1983, 11064, nM, 417, Positive-Low, 550, HLA-A*23:01, 214, I;1887617, , 43033, MYADDTAGW, Dengue virus 2 Jamaica/1409/1983, 11064, nM, 417, Positive-High, 34.9, HLA-A*24:02, 215, I;1940643, 22039500, 43033, MYADDTAGW, Dengue virus 1, 11053, nM, 418, Positive, 415, HLA-A*24:03, 216, I;2149163, , 43033, MYADDTAGW, Japanese encephalitis virus, 11072, min, 289, Positive-High, 330, HLA-A*24:02, 215, I;","5"
"NAICSAVPV","","0","","0","1889872, , 185001, NAICSAVPV, Dengue virus 1 Brazil/97-11/1997, 408685, nM, 417, Positive-High, 3.19, HLA-A*68:02, 231, I;","1"
"NAICSAVPVD","","0","","0","1887977, , 185002, NAICSAVPVD, Dengue virus 1 Brazil/97-11/1997, 408685, nM, 417, Negative, 12100, HLA-A*30:01, 223, I;","1"
"NSTHEMYWV","","0","","0","1889862, , 185115, NSTHEMYWV, Dengue virus 2 Jamaica/1409/1983, 11064, nM, 417, Positive-Intermediate, 92.1, HLA-A*68:02, 231, I;","1"
"PASIAARGYI","","0","1941417, , 180696, PASIAARGYI, Dengue virus, 12637, Homo sapiens, 9606, IFNg release, Positive, HLA-B*58:01, 270;","1","1892719, , 180696, PASIAARGYI, Dengue virus 2 Jamaica/1409/1983, 11064, nM, 417, Positive-Intermediate, 365, HLA-B*57:01, 268, I;1893002, , 180696, PASIAARGYI, Dengue virus 2 Jamaica/1409/1983, 11064, nM, 417, Positive-Intermediate, 263, HLA-B*58:01, 270, I;","2"
"PFGDSYIVI","","0","","0","1887248, , 185169, PFGDSYIVI, Dengue virus 4 Philippines/H241/1956, 408686, nM, 417, Positive-Low, 723, HLA-A*23:01, 214, I;","1"
"PPFGDSYII","","0","","0","1891946, , 185188, PPFGDSYII, Dengue virus 2 Jamaica/1409/1983, 11064, nM, 417, Negative, 9780, HLA-B*51:01, 40, I;1892235, , 185188, PPFGDSYII, Dengue virus 2 Jamaica/1409/1983, 11064, nM, 417, Positive-Low, 1740, HLA-B*53:01, 44, I;","2"
"PPFGDSYIV","","0","","0","1892059, , 185189, PPFGDSYIV, Dengue virus 4 Philippines/H241/1956, 408686, nM, 417, Negative, 23100, HLA-B*51:01, 40, I;","1"
"PSSIAARGY","","0","","0","1893661, , 185201, PSSIAARGY, , , nM, 417, Negative, 21700, HLA-A*01:01, 142, I;1893785, , 185201, PSSIAARGY, , , nM, 417, Positive-Low, 3720, HLA-A*30:02, 224, I;","2"
"PSSIAARGYI","","0","","0","1894007, , 185202, PSSIAARGYI, , , nM, 417, Positive-Low, 2640, HLA-B*57:01, 268, I;1894026, , 185202, PSSIAARGYI, , , nM, 417, Positive-Low, 931, HLA-B*58:01, 270, I;","2"
"PTRVVAAEMEEALRG","","0","1244318, 16081844, 49766, PTRVVAAEMEEALRG, Dengue virus 2, 11060, Homo sapiens, 9606, IFNg release, Positive, HLA-DRB1*15:01, 436;1244320, 16081844, 49766, PTRVVAAEMEEALRG, Dengue virus 4, 11070, Homo sapiens, 9606, IFNg release, Positive, HLA-DRB1*15:01, 436;","2","","0"
"PYLGKREDLW","","0","","0","1887290, , 185221, PYLGKREDLW, Dengue virus 4 Philippines/H241/1956, 408686, nM, 417, Positive-Low, 505, HLA-A*23:01, 214, I;1887565, , 185221, PYLGKREDLW, Dengue virus 4 Philippines/H241/1956, 408686, nM, 417, Positive-Low, 1620, HLA-A*24:02, 215, I;","2"
"RAAQRRTAA","","0","","0","1407739, , 53070, RAAQRRTAA, West Nile virus, 11082, nM, 418, Positive-High, 10.9, HLA-B*07:02, 251, I;1450518, , 53070, RAAQRRTAA, West Nile virus, 11082, nM, 418, Negative, 20000, HLA-B*51:01, 40, I;1834258, 20856867, 53070, RAAQRRTAA, West Nile virus, 11082, nM, 267, Positive, 11, HLA-B*07:02, 251, I;2150157, , 53070, RAAQRRTAA, Japanese encephalitis virus, 11072, min, 289, Positive-Intermediate, 162, HLA-B*07:02, 251, I;","4"
"RAIWYMWLGA","","0","","0","1889037, , 185333, RAIWYMWLGA, Dengue virus 3 Martinique/1243/1999, 408691, nM, 417, Positive-Low, 1470, HLA-A*32:01, 544, I;","1"
"REDLWCGSL","","0","1941304, , 180718, REDLWCGSL, Dengue virus, 12637, Homo sapiens, 9606, IFNg release, Positive, HLA-B*40:01, 28;2096845, , 180718, REDLWCGSL, Dengue virus 4, 11070, Homo sapiens, 9606, IFNg release, Positive, HLA-B*40:01, 28;","2","1891256, , 180718, REDLWCGSL, Dengue virus 4 Philippines/H241/1956, 408686, nM, 417, Positive-High, 2.35, HLA-B*40:01, 28, I;","1"
"REDLWCGSLI","","0","","0","1891546, , 185350, REDLWCGSLI, Dengue virus 4 Philippines/H241/1956, 408686, nM, 417, Positive-Intermediate, 256, HLA-B*44:02, 33, I;1891828, , 185350, REDLWCGSLI, Dengue virus 4 Philippines/H241/1956, 408686, nM, 417, Positive-Intermediate, 401, HLA-B*44:03, 34, I;","2"
"RFLEFEALGF","","0","1941091, , 180723, RFLEFEALGF, Dengue virus, 12637, Homo sapiens, 9606, IFNg release, Positive, HLA-A*24:02, 215;2096847, , 180723, RFLEFEALGF, Dengue virus 2, 11060, Homo sapiens, 9606, IFNg release, Positive, HLA-A*23:01, 214;2377757, 25320311, 180723, RFLEFEALGF, Dengue virus 1, 11053, Homo sapiens, 9606, IFNg release, Positive, HLA-A*23:01, 214;","3","1887338, , 180723, RFLEFEALGF, Dengue virus 4 Philippines/H241/1956, 408686, nM, 417, Positive-High, 1.44, HLA-A*23:01, 214, I;1887616, , 180723, RFLEFEALGF, Dengue virus 4 Philippines/H241/1956, 408686, nM, 417, Positive-High, 13.8, HLA-A*24:02, 215, I;","2"
"RGDLPVWLA","","0","","0","2007925, 23280567, 193531, RGDLPVWLA, Dengue virus 2, 11060, , 354, Negative, , HLA-B*55:02, 266, I;","1"
"RGDLPVWLAY","","0","","0","1888296, , 185375, RGDLPVWLAY, Dengue virus 2 Jamaica/1409/1983, 11064, nM, 417, Positive-High, 6.85, HLA-A*30:02, 224, I;2007931, 23280567, 185375, RGDLPVWLAY, Dengue virus 2, 11060, , 354, Negative, , HLA-B*55:02, 266, I;","2"
"RGDLPVWLSY","","0","","0","1888459, , 185376, RGDLPVWLSY, Dengue virus 1 Brazil/97-11/1997, 408685, nM, 417, Positive-Low, 4100, HLA-A*30:02, 224, I;","1"
"RGWGNGCGL","","0","14222, 10795519, 54017, RGWGNGCGL, Japanese encephalitis virus strain Nakayama, 11076, Mus musculus BALB/c, 10000000, cytotoxicity, Negative, H2-d class I, 169;14223, 10795519, 54017, RGWGNGCGL, Japanese encephalitis virus strain Nakayama, 11076, Mus musculus BALB/c, 10000000, cytotoxicity, Negative, H2-d class I, 169;","2","1463844, 17559174, 54017, RGWGNGCGL, West Nile virus, 11082, , 185, Negative, , H2-Db, 172, I;","1"
"RGWGNGCGLF","","0","","0","1887321, , 185382, RGWGNGCGLF, Dengue virus 4 Thailand/0348/1991, 408688, nM, 417, Positive-Low, 898, HLA-A*23:01, 214, I;1888448, , 185382, RGWGNGCGLF, Dengue virus 4 Thailand/0348/1991, 408688, nM, 417, Positive-High, 15.4, HLA-A*30:02, 224, I;","2"
"RGWGNGCGLFGKGSI","","0","1556540, , 54018, RGWGNGCGLFGKGSI, West Nile virus, 11082, Mus musculus HLA-DR3 Tg, 10000607, IFNg release, Positive, HLA-DRB1*03:01, 57;1963968, 22573867, 54018, RGWGNGCGLFGKGSI, West Nile virus, 11082, Mus musculus HLA-A*0201/Db-human b2m Tg (HHD), 10000577, IFNg release, Negative, , ;1965556, 22573867, 54018, RGWGNGCGLFGKGSI, West Nile virus, 11082, Mus musculus HLA-A24 Tg, 10001166, IFNg release, Negative, , ;1965557, 22573867, 54018, RGWGNGCGLFGKGSI, West Nile virus, 11082, Mus musculus HLA-B*0702 Tg H2-I null , 10000593, IFNg release, Negative, , ;1965558, 22573867, 54018, RGWGNGCGLFGKGSI, West Nile virus, 11082, Mus musculus HLA-DRB1*1501 Tg, 10001381, IFNg release, Negative, , ;1965559, 22573867, 54018, RGWGNGCGLFGKGSI, West Nile virus, 11082, Mus musculus HLA-DRB1*0301 Tg, 10001983, IFNg release, Positive, HLA-DRA*01:01/DRB1*03:01, 631;1965560, 22573867, 54018, RGWGNGCGLFGKGSI, West Nile virus, 11082, Mus musculus HLA-DRB1*0401 Tg CD4Tg I-Abeta null, 10001295, IFNg release, Negative, , ;","7","","0"
"RLITANPVV","","0","2094630, 24190657, 185417, RLITANPVV, Dengue virus 3, 11069, Mus musculus C57BL/6 HLA-A*0201/Kb Tg, 10000076, IFNg release, Negative, HLA-A*02:01, 143;","1","1886047, , 185417, RLITANPVV, Dengue virus 3 Martinique/1243/1999, 408691, nM, 417, Positive-High, 36.3, HLA-A*02:03, 201, I;1886350, , 185417, RLITANPVV, Dengue virus 3 Martinique/1243/1999, 408691, nM, 417, Positive-Intermediate, 65.1, HLA-A*02:06, 204, I;1893314, , 185417, RLITANPVV, Dengue virus 3 China/80-2/1980, 408690, nM, 417, Positive-High, 20, HLA-A*02:01, 143, I;1893315, , 185417, RLITANPVV, Dengue virus 3 China/80-2/1980, 408690, nM, 417, Positive-Low, 520, HLA-A*02:17, 590, I;","4"
"RLRTLILAPTRVVAA","","0","","0","1894805, , 195898, RLRTLILAPTRVVAA, Dengue virus 3 Martinique/1243/1999, 408691, nM, 417, Positive-High, 8.32, HLA-DRB1*13:02, 425, II;","1"
"RNSTHEMYW","","0","","0","1893010, , 185457, RNSTHEMYW, Dengue virus 2 Jamaica/1409/1983, 11064, nM, 417, Positive-Intermediate, 67, HLA-B*58:01, 270, I;","1"
"RRCLKPVIL","","0","","0","1407225, , 55533, RRCLKPVIL, Dengue virus 1 Singapore/S275/1990, 33741, nM, 418, Positive-Low, 2927.3, HLA-B*27:05, 190, I;1448814, , 55533, RRCLKPVIL, Dengue virus 1 Singapore/S275/1990, 33741, nM, 418, Positive-Low, 978, HLA-B*48:01, 540, I;1940726, 22039500, 55533, RRCLKPVIL, Dengue virus 4, 11070, nM, 418, Negative, 2928, HLA-B*27:05, 190, I;","3"
"RRTAAGIMK","","0","","0","1407743, , 55745, RRTAAGIMK, West Nile virus, 11082, nM, 418, Positive-High, 24, HLA-B*27:05, 190, I;1450541, , 55745, RRTAAGIMK, West Nile virus, 11082, nM, 418, Negative, 20000, HLA-B*48:01, 540, I;1834287, 20856867, 55745, RRTAAGIMK, West Nile virus, 11082, nM, 267, Positive, 24, HLA-B*27:05, 190, I;","3"
"RRYGGGLVR","","0","","0","1407800, , 55776, RRYGGGLVR, West Nile virus, 11082, nM, 418, Positive-Intermediate, 62, HLA-B*27:05, 190, I;1450544, , 55776, RRYGGGLVR, West Nile virus, 11082, nM, 418, Negative, 20000, HLA-B*48:01, 540, I;1834291, 20856867, 55776, RRYGGGLVR, West Nile virus, 11082, nM, 267, Positive, 62, HLA-B*27:05, 190, I;","3"
"RSNAALGAIF","","0","1854532, , 150549, RSNAALGAIF, Dengue virus 2, 11060, Mus musculus, 10090, IFNg release, Negative, HLA-B*07:02, 251;","1","1888312, , 150549, RSNAALGAIF, Dengue virus 2 Jamaica/1409/1983, 11064, nM, 417, Positive-Low, 3420, HLA-A*30:02, 224, I;1889997, , 150549, RSNAALGAIF, Dengue virus 2 Jamaica/1409/1983, 11064, nM, 417, Positive-Intermediate, 184, HLA-B*07:02, 251, I;1890571, , 150549, RSNAALGAIF, Dengue virus 2 Jamaica/1409/1983, 11064, nM, 417, Positive-High, 41.1, HLA-B*15:01, 257, I;","3"
"RTLILAPTR","","0","","0","1888725, , 185526, RTLILAPTR, Dengue virus 2 Jamaica/1409/1983, 11064, nM, 417, Positive-High, 11.3, HLA-A*31:01, 225, I;","1"
"RTLILAPTRV","","0","","0","1886370, , 185527, RTLILAPTRV, Dengue virus 2 Jamaica/1409/1983, 11064, nM, 417, Positive-Intermediate, 466, HLA-A*02:06, 204, I;","1"
"RTWAYHGSY","","0","","0","1407885, , 56219, RTWAYHGSY, Dengue virus 4, 11070, nM, 418, Positive-High, 11.6, HLA-B*15:01, 257, I;1455682, , 56219, RTWAYHGSY, Dengue virus 4, 11070, nM, 418, Negative, 20000, HLA-B*46:01, 37, I;1616575, , 56219, RTWAYHGSY, Dengue virus 4, 11070, nM, 418, Negative, 20000, HLA-B*15:02, 258, I;1715842, , 56219, RTWAYHGSY, Dengue virus 4, 11070, nM, 267, Positive-High, 36.2, HLA-A*31:01, 225, I;1885839, , 56219, RTWAYHGSY, Dengue virus 4 Philippines/H241/1956, 408686, nM, 417, Positive-Low, 1280, HLA-A*01:01, 142, I;1888422, , 56219, RTWAYHGSY, Dengue virus 4 Philippines/H241/1956, 408686, nM, 417, Positive-High, 0.19, HLA-A*30:02, 224, I;1888982, , 56219, RTWAYHGSY, Dengue virus 4 Philippines/H241/1956, 408686, nM, 417, Positive-High, 1.46, HLA-A*32:01, 544, I;1890674, , 56219, RTWAYHGSY, Dengue virus 4 Philippines/H241/1956, 408686, nM, 417, Positive-High, 6.54, HLA-B*15:01, 257, I;1892672, , 56219, RTWAYHGSY, Dengue virus 4 Philippines/H241/1956, 408686, nM, 417, Positive-High, 15.8, HLA-B*57:01, 268, I;1940675, 22039500, 56219, RTWAYHGSY, Dengue virus 4, 11070, nM, 418, Positive, 37, HLA-A*31:01, 225, I;1940716, 22039500, 56219, RTWAYHGSY, Dengue virus 4, 11070, nM, 418, Positive-High, 12, HLA-B*15:01, 257, I;2148605, , 56219, RTWAYHGSY, Dengue virus 4, 11070, min, 289, Positive-Low, 6, HLA-A*03:01, 211, I;2151826, , 56219, RTWAYHGSY, Dengue virus 4, 11070, min, 289, Positive-Intermediate, 138, HLA-B*15:01, 257, I;","13"
"RVILAGPMPV","","0","","0","1886200, , 185551, RVILAGPMPV, Dengue virus 2 Jamaica/1409/1983, 11064, nM, 417, Positive-High, 7.76, HLA-A*02:03, 201, I;1886494, , 185551, RVILAGPMPV, Dengue virus 2 Jamaica/1409/1983, 11064, nM, 417, Positive-High, 31.9, HLA-A*02:06, 204, I;","2"
"RVIQLSRKTF","","0","","0","1887126, , 185552, RVIQLSRKTF, Dengue virus 1 Brazil/97-11/1997, 408685, nM, 417, Positive-Low, 3290, HLA-A*23:01, 214, I;1890499, , 185552, RVIQLSRKTF, Dengue virus 1 Brazil/97-11/1997, 408685, nM, 417, Positive-High, 45.2, HLA-B*15:01, 257, I;","2"
"SASSLVNGVVRLLSKPW","","0","1922306, , 168001, SASSLVNGVVRLLSKPW, West Nile virus, 11082, Homo sapiens, 9606, qualitative binding, Positive, HLA-DRB1*11:01, 419;1922324, , 168001, SASSLVNGVVRLLSKPW, West Nile virus, 11082, Homo sapiens, 9606, qualitative binding, Positive, HLA-DRB1*11:04, 422;1964395, 22573867, 168001, SASSLVNGVVRLLSKPW, West Nile virus, 11082, Mus musculus HLA Transgenic, 10001538, IFNg release, Negative, , ;","3","","0"
"SASSMVNGV","","0","","0","1889874, , 185587, SASSMVNGV, Dengue virus 2 Jamaica/1409/1983, 11064, nM, 417, Positive-High, 24.3, HLA-A*68:02, 231, I;","1"
"SASSMVNGVV","","0","","0","1889863, , 185588, SASSMVNGVV, Dengue virus 2 Jamaica/1409/1983, 11064, nM, 417, Positive-High, 10.2, HLA-A*68:02, 231, I;1892724, , 185588, SASSMVNGVV, Dengue virus 2 Jamaica/1409/1983, 11064, nM, 417, Positive-Intermediate, 227, HLA-B*57:01, 268, I;1893011, , 185588, SASSMVNGVV, Dengue virus 2 Jamaica/1409/1983, 11064, nM, 417, Positive-Low, 2040, HLA-B*58:01, 270, I;","3"
"SAVPVDWVPT","","0","","0","1888804, , 185593, SAVPVDWVPT, Dengue virus 1 Brazil/97-11/1997, 408685, nM, 417, Negative, 18600, HLA-A*32:01, 544, I;","1"
"SEMGANFKA","","0","","0","1407942, , 57554, SEMGANFKA, Dengue virus 1, 11053, nM, 418, Positive-Intermediate, 496, HLA-B*40:01, 28, I;1450632, , 57554, SEMGANFKA, Dengue virus 1, 11053, nM, 418, Positive-Intermediate, 119.3, HLA-B*18:01, 185, I;1455688, , 57554, SEMGANFKA, Dengue virus 1, 11053, nM, 418, Negative, 15942, HLA-B*44:02, 33, I;1718690, , 57554, SEMGANFKA, Dengue virus 2, 11060, nM, 267, Positive-Low, 5000, HLA-B*83:01, 633, I;1718691, , 57554, SEMGANFKA, Dengue virus 2, 11060, nM, 267, Positive-Low, 5000, HLA-B*15:42, 639, I;1718692, , 57554, SEMGANFKA, Dengue virus 2, 11060, nM, 267, Positive-Low, 5000, HLA-B*45:06, 642, I;1718693, , 57554, SEMGANFKA, Dengue virus 2, 11060, nM, 267, Positive-Low, 5000, HLA-C*04:01, 629, I;1891875, , 57554, SEMGANFKA, Dengue virus 2 Jamaica/1409/1983, 11064, nM, 417, Positive-Intermediate, 136, HLA-B*44:03, 34, I;1940743, 22039500, 57554, SEMGANFKA, Dengue virus 2, 11060, nM, 418, Positive, 496, HLA-B*40:01, 28, I;2152438, , 57554, SEMGANFKA, Dengue virus 2, 11060, min, 289, Negative, 0, HLA-B*40:01, 28, I;","10"
"SLVNGVVRL","","0","1834393, 20856867, 59561, SLVNGVVRL, West Nile virus, 11082, Homo sapiens, 9606, IFNg release, Positive, HLA-A*02:01, 143;","1","1407816, , 59561, SLVNGVVRL, West Nile virus, 11082, nM, 418, Positive-High, 4.9, HLA-A*02:01, 143, I;1450555, , 59561, SLVNGVVRL, West Nile virus, 11082, nM, 418, Positive-Low, 602, HLA-A*69:01, 232, I;1834215, 20856867, 59561, SLVNGVVRL, West Nile virus, 11082, nM, 267, Positive, 5, HLA-A*02:01, 143, I;2146851, , 59561, SLVNGVVRL, West Nile virus, 11082, min, 289, Positive-Intermediate, 96, HLA-A*02:01, 143, I;","4"
"SMVNGVVRL","","0","1940788, 22039500, 59772, SMVNGVVRL, Dengue virus 2, 11060, Mus musculus HLA-A*0201 Tg, 10000576, IFNg release, Positive, HLA-A*02:01, 143;","1","1407929, , 59772, SMVNGVVRL, Dengue virus 1, 11053, nM, 418, Positive-High, 1.6, HLA-A*02:01, 143, I;1614141, , 59772, SMVNGVVRL, Dengue virus 2 Thailand/16681/84, 31634, nM, 418, Positive-High, 13, HLA-A*02:12, 534, I;1614143, , 59772, SMVNGVVRL, Dengue virus 2 Thailand/16681/84, 31634, nM, 418, Positive-High, 1, HLA-A*02:11, 207, I;1940609, 22039500, 59772, SMVNGVVRL, Dengue virus 2, 11060, nM, 418, Positive-High, 2, HLA-A*02:01, 143, I;2146877, , 59772, SMVNGVVRL, Dengue virus 1, 11053, min, 289, Positive-Intermediate, 66, HLA-A*02:01, 143, I;","5"
"SRAIWYMWL","","0","","0","1406911, , 60620, SRAIWYMWL, Alkhumra hemorrhagic fever virus, 172148, nM, 418, Positive-Low, 2049, HLA-B*27:05, 190, I;1447787, , 60620, SRAIWYMWL, Alkhumra hemorrhagic fever virus, 172148, nM, 418, Negative, 20000, HLA-B*48:01, 540, I;1940722, 22039500, 60620, SRAIWYMWL, Dengue virus 4, 11070, nM, 418, Negative, 2049, HLA-B*27:05, 190, I;","3"
"SRAIWYMWLGARFLE","","0","1854126, , 150597, SRAIWYMWLGARFLE, Dengue virus 1, 11053, Mus musculus, 10090, IFNg release, Positive, HLA-DRB1*01:01, 52;2374891, 21918184, 150597, SRAIWYMWLGARFLE, Dengue virus 2 S221, 10001636, Homo sapiens, 9606, IFNg release, Positive, HLA-DRB1*01:01, 52;","2","1894162, , 150597, SRAIWYMWLGARFLE, Dengue virus 2 Jamaica/1409/1983, 11064, nM, 417, Positive-High, 35.7, HLA-DRB1*01:01, 52, II;2374931, 21918184, 150597, SRAIWYMWLGARFLE, Dengue virus 2 S221, 10001636, nM, 1, Positive-Intermediate, 17, HLA-DRB1*01:01, 52, II;","2"
"SRNSTHEMY","","0","1779867, 20166182, 133702, SRNSTHEMY, Dengue virus 1, 11053, Homo sapiens, 9606, IFNg release, Positive, HLA-A*02:01, 143;1779872, 20166182, 133702, SRNSTHEMY, Dengue virus 1, 11053, Homo sapiens, 9606, IFNg release, Negative, HLA-A*02:01, 143;2094588, 24190657, 133702, SRNSTHEMY, Dengue virus 2, 11060, Mus musculus C57BL/6 HLA-A*0201/Kb Tg, 10000076, IFNg release, Negative, HLA-A*01:01, 142;","3","1779861, 20166182, 133702, SRNSTHEMY, Dengue virus 1, 11053, , 185, Positive-Low, , HLA-A*02:01, 143, I;1888468, , 133702, SRNSTHEMY, Dengue virus 4 Thailand/0348/1991, 408688, nM, 417, Positive-Low, 1810, HLA-A*30:02, 224, I;","2"
"SRNSTHEMYW","","0","","0","1891580, , 185757, SRNSTHEMYW, Dengue virus 2 Jamaica/1409/1983, 11064, nM, 417, Negative, 6360, HLA-B*44:02, 33, I;1891866, , 185757, SRNSTHEMYW, Dengue virus 2 Jamaica/1409/1983, 11064, nM, 417, Positive-Low, 1370, HLA-B*44:03, 34, I;","2"
"SSAAQRRGRI","","0","","0","1889682, , 185759, SSAAQRRGRI, Dengue virus 2 Jamaica/1409/1983, 11064, nM, 417, Positive-Intermediate, 51, HLA-A*68:02, 231, I;","1"
"SSLVNGVVRL","","0","","0","1463850, 17559174, 61207, SSLVNGVVRL, West Nile virus, 11082, , 185, Positive, , H2-Db, 172, I;","1"
"SSMVNGVVR","","0","","0","1407940, , 61220, SSMVNGVVR, Dengue virus 1, 11053, nM, 418, Negative, 20000, HLA-A*03:01, 211, I;1450638, , 61220, SSMVNGVVR, Dengue virus 1, 11053, nM, 418, Positive-High, 26.1, HLA-A*11:01, 213, I;1724811, , 61220, SSMVNGVVR, Dengue virus 1, 11053, nM, 267, Positive-High, 18.4, HLA-A*31:01, 225, I;1940621, 22039500, 61220, SSMVNGVVR, Dengue virus 1, 11053, nM, 418, Negative, 20000, HLA-A*03:01, 211, I;2147860, , 61220, SSMVNGVVR, Dengue virus 1, 11053, min, 289, Positive-Low, 30, HLA-A*11:01, 213, I;","5"
"STRVEMGEA","","0","","0","1888207, , 185788, STRVEMGEA, Dengue virus 2 Jamaica/1409/1983, 11064, nM, 417, Positive-High, 13.9, HLA-A*30:01, 223, I;","1"
"TCVYNMMGKREKKLG","","0","","0","1894267, , 196031, TCVYNMMGKREKKLG, Dengue virus 2 Jamaica/1409/1983, 11064, nM, 417, Positive-High, 0.905, HLA-DRB1*11:01, 419, II;","1"
"TDISEMGANFKADRV","","0","2012017, 24130917, 190993, TDISEMGANFKADRV, Dengue virus 3, 11069, Mus musculus HLA-DR2 Tg, 10000605, IFNg release, Negative, HLA-DR2, 339;2012018, 24130917, 190993, TDISEMGANFKADRV, Dengue virus 3, 11069, Mus musculus HLA-DR3 Tg, 10000607, IFNg release, Positive, HLA-DR3, 340;2012019, 24130917, 190993, TDISEMGANFKADRV, Dengue virus 3, 11069, Mus musculus HLA-DR4 Tg, 10000610, IFNg release, Negative, HLA-DR4, 341;","3","2010703, 24130917, 190993, TDISEMGANFKADRV, Dengue virus 3, 11069, nM, 1, Negative, 7720, HLA-DRB1*01:01, 52, II;2010704, 24130917, 190993, TDISEMGANFKADRV, Dengue virus 3, 11069, nM, 1, Positive, 470, HLA-DRB1*03:01, 57, II;2010705, 24130917, 190993, TDISEMGANFKADRV, Dengue virus 3, 11069, nM, 1, Negative, 1825, HLA-DRB1*04:01, 63, II;2010706, 24130917, 190993, TDISEMGANFKADRV, Dengue virus 3, 11069, nM, 1, Negative, 12131, HLA-DRB1*04:04, 407, II;2010707, 24130917, 190993, TDISEMGANFKADRV, Dengue virus 3, 11069, nM, 1, Negative, 4656, HLA-DRB1*04:05, 408, II;2010708, 24130917, 190993, TDISEMGANFKADRV, Dengue virus 3, 11069, nM, 1, Negative, 18988, HLA-DRB1*07:01, 413, II;2010709, 24130917, 190993, TDISEMGANFKADRV, Dengue virus 3, 11069, nM, 1, Negative, 5098, HLA-DRB1*08:02, 415, II;2010710, 24130917, 190993, TDISEMGANFKADRV, Dengue virus 3, 11069, nM, 1, Negative, 17963, HLA-DRB1*09:01, 417, II;2010711, 24130917, 190993, TDISEMGANFKADRV, Dengue virus 3, 11069, nM, 1, Negative, , HLA-DRB1*11:01, 419, II;2010712, 24130917, 190993, TDISEMGANFKADRV, Dengue virus 3, 11069, nM, 1, Negative, 4058, HLA-DRB1*13:02, 425, II;2010713, 24130917, 190993, TDISEMGANFKADRV, Dengue virus 3, 11069, nM, 1, Negative, 10807, HLA-DRB1*15:01, 436, II;2010714, 24130917, 190993, TDISEMGANFKADRV, Dengue virus 3, 11069, nM, 1, Positive, 168, HLA-DRB3*01:01, 358, II;2010715, 24130917, 190993, TDISEMGANFKADRV, Dengue virus 3, 11069, nM, 1, Negative, , HLA-DRB4*01:01, 363, II;2010716, 24130917, 190993, TDISEMGANFKADRV, Dengue virus 3, 11069, nM, 1, Positive-High, 50, HLA-DRB5*01:01, 368, II;","14"
"TDTTPFGQQRVFKEK","","0","1972612, 23383350, 181156, TDTTPFGQQRVFKEK, Yellow fever virus 17D, 11090, Homo sapiens, 9606, IFNg release, Positive, HLA-class I, 303;1976146, 23383350, 181156, TDTTPFGQQRVFKEK, Yellow fever virus 17D, 11090, Homo sapiens, 9606, IFNg release, Positive, HLA-B*39:01, 24;","2","1972171, 23383350, 181156, TDTTPFGQQRVFKEK, Yellow fever virus 17D, 11090, nM, 417, Negative, 2837, HLA-DRB1*01:01, 52, II;1972172, 23383350, 181156, TDTTPFGQQRVFKEK, Yellow fever virus 17D, 11090, nM, 417, Negative, 6737, HLA-DRB1*03:01, 57, II;1972173, 23383350, 181156, TDTTPFGQQRVFKEK, Yellow fever virus 17D, 11090, nM, 417, Negative, 5694, HLA-DRB1*04:01, 63, II;1972174, 23383350, 181156, TDTTPFGQQRVFKEK, Yellow fever virus 17D, 11090, nM, 417, Positive-Intermediate, 319, HLA-DRB1*04:04, 407, II;1972175, 23383350, 181156, TDTTPFGQQRVFKEK, Yellow fever virus 17D, 11090, nM, 417, Positive-Intermediate, 180, HLA-DRB1*04:05, 408, II;1972176, 23383350, 181156, TDTTPFGQQRVFKEK, Yellow fever virus 17D, 11090, nM, 417, Negative, 5420, HLA-DRB1*07:01, 413, II;1972177, 23383350, 181156, TDTTPFGQQRVFKEK, Yellow fever virus 17D, 11090, nM, 417, Negative, 9072, HLA-DRB1*15:01, 436, II;1972178, 23383350, 181156, TDTTPFGQQRVFKEK, Yellow fever virus 17D, 11090, nM, 417, Negative, 3551, HLA-DRB3*01:01, 358, II;1972179, 23383350, 181156, TDTTPFGQQRVFKEK, Yellow fever virus 17D, 11090, nM, 417, Negative, 4800, HLA-DRB4*01:01, 363, II;1972180, 23383350, 181156, TDTTPFGQQRVFKEK, Yellow fever virus 17D, 11090, nM, 417, Negative, 7393, HLA-DRB5*01:01, 368, II;","10"
"TLILAPTRV","","0","","0","1886197, , 185948, TLILAPTRV, Dengue virus 2 Jamaica/1409/1983, 11064, nM, 417, Positive-High, 6.91, HLA-A*02:03, 201, I;","1"
"TLILAPTRVV","","0","","0","1886198, , 185949, TLILAPTRVV, Dengue virus 2 Jamaica/1409/1983, 11064, nM, 417, Positive-High, 42.6, HLA-A*02:03, 201, I;","1"
"TPFGQQRVF","","0","1940827, 22039500, 65567, TPFGQQRVF, Yellow fever virus, 11089, Mus musculus HLA-B*0702 Tg, 10001782, IFNg release, Negative, HLA-B*07:02, 251;1941221, , 65567, TPFGQQRVF, Dengue virus, 12637, Homo sapiens, 9606, IFNg release, Positive, HLA-B*35:01, 195;2096896, , 65567, TPFGQQRVF, Dengue virus 2, 11060, Homo sapiens, 9606, IFNg release, Positive, HLA-B*35:01, 195;2377751, 25320311, 65567, TPFGQQRVF, Dengue virus 1, 11053, Homo sapiens, 9606, IFNg release, Positive, HLA-B*35:01, 195;","4","1407213, , 65567, TPFGQQRVF, Dengue virus 1 Singapore/S275/1990, 33741, nM, 418, Positive-Intermediate, 272, HLA-B*07:02, 251, I;1448812, , 65567, TPFGQQRVF, Dengue virus 1 Singapore/S275/1990, 33741, nM, 418, Negative, 20000, HLA-B*51:01, 40, I;1891020, , 65567, TPFGQQRVF, Dengue virus 4 Philippines/H241/1956, 408686, nM, 417, Positive-High, 47.4, HLA-B*35:01, 195, I;1892450, , 65567, TPFGQQRVF, Dengue virus 4 Philippines/H241/1956, 408686, nM, 417, Positive-Intermediate, 264, HLA-B*53:01, 44, I;1940295, 22039500, 65567, TPFGQQRVF, Yellow fever virus, 11089, nM, 418, Positive, 272, HLA-B*07:02, 251, I;2150309, , 65567, TPFGQQRVF, Japanese encephalitis virus, 11072, min, 289, Positive-Low, 24, HLA-B*07:02, 251, I;2150950, , 65567, TPFGQQRVF, Japanese encephalitis virus, 11072, min, 289, Positive-Intermediate, 216, HLA-B*35:01, 195, I;","7"
"TRVVAAEMEEA","","0","1032214, 9454689, 66127, TRVVAAEMEEA, Dengue virus 3, 11069, Homo sapiens, 9606, cytotoxicity, Positive, HLA-DR15, 336;","1","","0"
"TTDISEMGA","","0","1854251, , 150662, TTDISEMGA, Dengue virus 1, 11053, Mus musculus, 10090, IFNg release, Negative, HLA-A*01:01, 142;","1","1885878, , 150662, TTDISEMGA, Dengue virus 4 Philippines/H241/1956, 408686, nM, 417, Positive-Intermediate, 188, HLA-A*01:01, 142, I;","1"
"TTPFGQQRV","","0","","0","1889865, , 186106, TTPFGQQRV, Dengue virus 4 Philippines/H241/1956, 408686, nM, 417, Positive-Intermediate, 102, HLA-A*68:02, 231, I;","1"
"TTPFGQQRVFKEKVD","","0","","0","2131918, , 231543, TTPFGQQRVFKEKVD, Yellow fever virus, 11089, nM, 418, Negative, 10000, HLA-DQA1*01:03/DQB1*06:03, 511, II;2132617, , 231543, TTPFGQQRVFKEKVD, Yellow fever virus, 11089, nM, 418, Negative, 10000, HLA-DQA1*02:01/DQB1*03:03, 722, II;2133452, , 231543, TTPFGQQRVFKEKVD, Yellow fever virus, 11089, nM, 418, Positive-Low, 2407, HLA-DQA1*05:01/DQB1*03:02, 710, II;2134340, , 231543, TTPFGQQRVFKEKVD, Yellow fever virus, 11089, nM, 418, Positive-High, 93, HLA-DRA*01:01/DRB1*01:01 C30S mutant, 782, II;2135211, , 231543, TTPFGQQRVFKEKVD, Yellow fever virus, 11089, nM, 418, Positive-Intermediate, 944, HLA-DRA*01:01/DRB1*03:01, 631, II;2136076, , 231543, TTPFGQQRVFKEKVD, Yellow fever virus, 11089, nM, 418, Positive-Low, 2993, HLA-DRA*01:01/DRB1*04:04, 48, II;2136932, , 231543, TTPFGQQRVFKEKVD, Yellow fever virus, 11089, nM, 418, Positive-Intermediate, 888, HLA-DRA*01:01/DRB1*07:01, 49, II;2137827, , 231543, TTPFGQQRVFKEKVD, Yellow fever virus, 11089, nM, 418, Positive-High, 44, HLA-DRA*01:01/DRB1*08:01, 50, II;2138697, , 231543, TTPFGQQRVFKEKVD, Yellow fever virus, 11089, nM, 418, Positive-Intermediate, 604, HLA-DRA*01:01/DRB1*09:01, 780, II;2139570, , 231543, TTPFGQQRVFKEKVD, Yellow fever virus, 11089, nM, 418, Positive-Intermediate, 541, HLA-DRA*01:01/DRB1*11:01, 757, II;2140412, , 231543, TTPFGQQRVFKEKVD, Yellow fever virus, 11089, nM, 418, Positive-Intermediate, 202, HLA-DRA*01:01/DRB1*13:01, 761, II;2141275, , 231543, TTPFGQQRVFKEKVD, Yellow fever virus, 11089, nM, 418, Positive-Intermediate, 754, HLA-DRA*01:01/DRB1*14:54, 779, II;2142118, , 231543, TTPFGQQRVFKEKVD, Yellow fever virus, 11089, nM, 418, Positive-Low, 1226, HLA-DRA*01:01/DRB3*01:01, 781, II;2143758, , 231543, TTPFGQQRVFKEKVD, Yellow fever virus, 11089, nM, 418, Positive-High, 67, HLA-DRA*01:01/DRB3*03:01, 758, II;2144590, , 231543, TTPFGQQRVFKEKVD, Yellow fever virus, 11089, nM, 418, Positive-Intermediate, 184, HLA-DRA*01:01/DRB4*01:03, 759, II;2145363, , 231543, TTPFGQQRVFKEKVD, Yellow fever vi","21"
"TYQNKVVKV","","0","","0","1887356, , 186188, TYQNKVVKV, Dengue virus 3 Martinique/1243/1999, 408691, nM, 417, Negative, 6520, HLA-A*23:01, 214, I;","1"
"VAAEMEEALR","","0","","0","1889580, , 186191, VAAEMEEALR, Dengue virus 2 Jamaica/1409/1983, 11064, nM, 417, Positive-Intermediate, 128, HLA-A*68:01, 230, I;","1"
"VDLMCHATFT","","0","1066593, 9568963, 68015, VDLMCHATFT, Dengue virus type 3 CH53489, 10000442, Homo sapiens, 9606, cytotoxicity, Positive, HLA-DPw2, 79;","1","","0"
"VEGLGLQKL","","0","","0","1407852, , 68199, VEGLGLQKL, West Nile virus, 11082, nM, 418, Positive-Intermediate, 229.5, HLA-B*40:01, 28, I;1450590, , 68199, VEGLGLQKL, West Nile virus, 11082, nM, 418, Positive-Low, 1281, HLA-B*18:01, 185, I;1834308, 20856867, 68199, VEGLGLQKL, West Nile virus, 11082, nM, 267, Positive, 230, HLA-B*40:01, 28, I;2152471, , 68199, VEGLGLQKL, West Nile virus, 11082, min, 289, Positive-Intermediate, 24, HLA-B*40:01, 28, I;","4"
"VEMGEAAAI","","0","","0","1891231, , 186239, VEMGEAAAI, Dengue virus 4 Philippines/H241/1956, 408686, nM, 417, Positive-Intermediate, 134, HLA-B*40:01, 28, I;1891516, , 186239, VEMGEAAAI, Dengue virus 4 Philippines/H241/1956, 408686, nM, 417, Positive-High, 12.9, HLA-B*44:02, 33, I;1891800, , 186239, VEMGEAAAI, Dengue virus 4 Philippines/H241/1956, 408686, nM, 417, Positive-High, 27.7, HLA-B*44:03, 34, I;","3"
"VEMGEAAAIF","","0","","0","1891232, , 186240, VEMGEAAAIF, Dengue virus 4 Philippines/H241/1956, 408686, nM, 417, Positive-Low, 971, HLA-B*40:01, 28, I;1891517, , 186240, VEMGEAAAIF, Dengue virus 4 Philippines/H241/1956, 408686, nM, 417, Positive-High, 12.9, HLA-B*44:02, 33, I;1891801, , 186240, VEMGEAAAIF, Dengue virus 4 Philippines/H241/1956, 408686, nM, 417, Positive-Intermediate, 166, HLA-B*44:03, 34, I;","3"
"VFKEKVDTR","","0","","0","1889192, , 186258, VFKEKVDTR, Dengue virus 3 Martinique/1243/1999, 408691, nM, 417, Positive-Intermediate, 63.1, HLA-A*33:01, 226, I;","1"
"VIGLYGNGV","","0","315258, 7561761, 68977, VIGLYGNGV, Dengue virus 4, 11070, Homo sapiens, 9606, cytotoxicity, Positive, HLA-DRB1*15:01, 436;1380121, 7561761, 68977, VIGLYGNGV, Dengue virus 4, 11070, Homo sapiens, 9606, cytotoxicity, Positive, HLA-DRB1*15:01, 436;1380324, 7561761, 68977, VIGLYGNGV, Dengue virus 4, 11070, Homo sapiens, 9606, cytotoxicity, Positive, HLA-DRB1*15:01, 436;1380325, 7561761, 68977, VIGLYGNGV, Dengue virus 4, 11070, Homo sapiens, 9606, cytotoxicity, Positive, HLA-DRB1*15:01, 436;1380326, 7561761, 68977, VIGLYGNGV, Dengue virus 4, 11070, Homo sapiens, 9606, cytotoxicity, Positive, HLA-DRB1*15:01, 436;1380527, 7561761, 68977, VIGLYGNGV, Dengue virus 4, 11070, Homo sapiens, 9606, cytotoxicity, Positive, HLA-DRB1*15:01, 436;1380604, 7561761, 68977, VIGLYGNGV, Dengue virus 4, 11070, Homo sapiens, 9606, cytotoxicity, Positive, HLA-DRB1*15:01, 436;1380761, 7561761, 68977, VIGLYGNGV, West Nile virus, 11082, Homo sapiens, 9606, cytotoxicity, Positive, HLA-DRB1*15:01, 436;","8","","0"
"VILAGPMPV","","0","1854363, , 150683, VILAGPMPV, Dengue virus 1, 11053, Mus musculus, 10090, IFNg release, Negative, HLA-A*02:01, 143;","1","1886495, , 150683, VILAGPMPV, Dengue virus 2 Jamaica/1409/1983, 11064, nM, 417, Positive-Intermediate, 85.3, HLA-A*02:06, 204, I;1893622, , 150683, VILAGPMPV, Dengue virus 2 Jamaica/1409/1983, 11064, nM, 417, Positive-High, 1.49, HLA-A*02:01, 143, I;1893623, , 150683, VILAGPMPV, Dengue virus 2 Jamaica/1409/1983, 11064, nM, 417, Positive-Low, 1360, HLA-A*02:17, 590, I;","3"
"WAYHGSYEA","","0","","0","1890965, , 186443, WAYHGSYEA, Dengue virus 4 Philippines/H241/1956, 408686, nM, 417, Positive-Intermediate, 167, HLA-B*35:01, 195, I;","1"
"WDFVITTDI","","0","1041024, 7516597, 72306, WDFVITTDI, Murray valley encephalitis virus (strain MVE-1-51), 301478, Mus musculus CBA/Ca, 10000233, cytotoxicity, Negative, H2-Kk, 125;","1","","0"
"WLGARFLEF","","0","1940840, 22039500, 72713, WLGARFLEF, Dengue virus 1, 11053, Mus musculus HLA-A24 Tg, 10001166, IFNg release, Negative, HLA-A*24:03, 216;","1","1407116, , 72713, WLGARFLEF, Carey Island virus, 64289, nM, 418, Positive-Intermediate, 60.5, HLA-A*24:03, 216, I;1448766, , 72713, WLGARFLEF, Carey Island virus, 64289, nM, 418, Positive-High, 16.5, HLA-A*23:01, 214, I;1887337, , 72713, WLGARFLEF, Dengue virus 2 Jamaica/1409/1983, 11064, nM, 417, Positive-Intermediate, 109, HLA-A*23:01, 214, I;1890458, , 72713, WLGARFLEF, Dengue virus 2 Jamaica/1409/1983, 11064, nM, 417, Positive-High, 1.21, HLA-B*08:01, 252, I;1890729, , 72713, WLGARFLEF, Dengue virus 2 Jamaica/1409/1983, 11064, nM, 417, Positive-High, 21.5, HLA-B*15:01, 257, I;1940639, 22039500, 72713, WLGARFLEF, Dengue virus 1, 11053, nM, 418, Positive, 61, HLA-A*24:03, 216, I;2149389, , 72713, WLGARFLEF, Dengue virus 1, 11053, min, 289, Positive-Low, 12, HLA-A*24:02, 215, I;","7"
"WMTTEDMLEVWNRVW","","0","","0","2131957, , 231660, WMTTEDMLEVWNRVW, Yellow fever virus, 11089, nM, 418, Positive-Low, 2656, HLA-DQA1*01:03/DQB1*06:03, 511, II;2132707, , 231660, WMTTEDMLEVWNRVW, Yellow fever virus, 11089, nM, 418, Positive-Low, 1045, HLA-DQA1*02:01/DQB1*03:03, 722, II;2133550, , 231660, WMTTEDMLEVWNRVW, Yellow fever virus, 11089, nM, 418, Positive-Low, 3542, HLA-DQA1*05:01/DQB1*03:02, 710, II;2134443, , 231660, WMTTEDMLEVWNRVW, Yellow fever virus, 11089, nM, 418, Positive-Intermediate, 371, HLA-DRA*01:01/DRB1*01:01 C30S mutant, 782, II;2135308, , 231660, WMTTEDMLEVWNRVW, Yellow fever virus, 11089, nM, 418, Positive-Intermediate, 428, HLA-DRA*01:01/DRB1*03:01, 631, II;2136179, , 231660, WMTTEDMLEVWNRVW, Yellow fever virus, 11089, nM, 418, Positive-Intermediate, 799, HLA-DRA*01:01/DRB1*04:04, 48, II;2137037, , 231660, WMTTEDMLEVWNRVW, Yellow fever virus, 11089, nM, 418, Positive-Intermediate, 532, HLA-DRA*01:01/DRB1*07:01, 49, II;2137931, , 231660, WMTTEDMLEVWNRVW, Yellow fever virus, 11089, nM, 418, Positive-Low, 4415, HLA-DRA*01:01/DRB1*08:01, 50, II;2138799, , 231660, WMTTEDMLEVWNRVW, Yellow fever virus, 11089, nM, 418, Positive-Intermediate, 663, HLA-DRA*01:01/DRB1*09:01, 780, II;2140513, , 231660, WMTTEDMLEVWNRVW, Yellow fever virus, 11089, nM, 418, Positive-Intermediate, 626, HLA-DRA*01:01/DRB1*13:01, 761, II;2141376, , 231660, WMTTEDMLEVWNRVW, Yellow fever virus, 11089, nM, 418, Positive-Intermediate, 932, HLA-DRA*01:01/DRB1*14:54, 779, II;2142218, , 231660, WMTTEDMLEVWNRVW, Yellow fever virus, 11089, nM, 418, Positive-Low, 3205, HLA-DRA*01:01/DRB3*01:01, 781, II;2142997, , 231660, WMTTEDMLEVWNRVW, Yellow fever virus, 11089, nM, 418, Positive-Intermediate, 394, HLA-DRA*01:01/DRB3*02:02, 763, II;2143855, , 231660, WMTTEDMLEVWNRVW, Yellow fever virus, 11089, nM, 418, Positive-Intermediate, 324, HLA-DRA*01:01/DRB3*03:01, 758, II;2144684, , 231660, WMTTEDMLEVWNRVW, Yellow fever virus, 11089, nM, 418, Positive-Intermediate, 219, HLA-DRA*01:01/DRB4*01:03, 759, II;2145453, , 231660,","23"
"WSIHGKGEWMTTEDM","","0","","0","2131959, , 231664, WSIHGKGEWMTTEDM, Yellow fever virus, 11089, nM, 418, Negative, 10000, HLA-DQA1*01:03/DQB1*06:03, 511, II;2132711, , 231664, WSIHGKGEWMTTEDM, Yellow fever virus, 11089, nM, 418, Positive-Low, 1974, HLA-DQA1*02:01/DQB1*03:03, 722, II;2134447, , 231664, WSIHGKGEWMTTEDM, Yellow fever virus, 11089, nM, 418, Positive-Low, 1818, HLA-DRA*01:01/DRB1*01:01 C30S mutant, 782, II;2135312, , 231664, WSIHGKGEWMTTEDM, Yellow fever virus, 11089, nM, 418, Positive-Low, 5854, HLA-DRA*01:01/DRB1*03:01, 631, II;2136183, , 231664, WSIHGKGEWMTTEDM, Yellow fever virus, 11089, nM, 418, Negative, 10000, HLA-DRA*01:01/DRB1*04:04, 48, II;2137041, , 231664, WSIHGKGEWMTTEDM, Yellow fever virus, 11089, nM, 418, Positive-Low, 2272, HLA-DRA*01:01/DRB1*07:01, 49, II;2137935, , 231664, WSIHGKGEWMTTEDM, Yellow fever virus, 11089, nM, 418, Positive-Low, 2518, HLA-DRA*01:01/DRB1*08:01, 50, II;2139674, , 231664, WSIHGKGEWMTTEDM, Yellow fever virus, 11089, nM, 418, Negative, 10000, HLA-DRA*01:01/DRB1*11:01, 757, II;2140517, , 231664, WSIHGKGEWMTTEDM, Yellow fever virus, 11089, nM, 418, Positive-Low, 1049, HLA-DRA*01:01/DRB1*13:01, 761, II;2141380, , 231664, WSIHGKGEWMTTEDM, Yellow fever virus, 11089, nM, 418, Positive-Low, 1184, HLA-DRA*01:01/DRB1*14:54, 779, II;2142222, , 231664, WSIHGKGEWMTTEDM, Yellow fever virus, 11089, nM, 418, Negative, 10000, HLA-DRA*01:01/DRB3*01:01, 781, II;2143001, , 231664, WSIHGKGEWMTTEDM, Yellow fever virus, 11089, nM, 418, Positive-Low, 1592, HLA-DRA*01:01/DRB3*02:02, 763, II;2143859, , 231664, WSIHGKGEWMTTEDM, Yellow fever virus, 11089, nM, 418, Positive-Low, 1087, HLA-DRA*01:01/DRB3*03:01, 758, II;2145457, , 231664, WSIHGKGEWMTTEDM, Yellow fever virus, 11089, nM, 418, Negative, 10000, HLA-DRA*01:01/DRB5*01:01, 487, II;2385505, , 231664, WSIHGKGEWMTTEDM, Yellow fever virus, 11089, nM, 418, Positive-Low, 2311, HLA-DQA1*01:02/DQB1*05:01, 799, II;2386076, , 231664, WSIHGKGEWMTTEDM, Yellow fever virus, 11089, nM, 418, Positive-Low, 2631, HLA-DQA1*06:01/DQB1*0","21"
"WYMWLGARF","","0","1940795, 22039500, 73284, WYMWLGARF, Dengue virus 1, 11053, Mus musculus HLA-A24 Tg, 10001166, IFNg release, Positive, HLA-A*24:02, 215;","1","1407117, , 73284, WYMWLGARF, Carey Island virus, 64289, nM, 418, Positive-High, 18.5, HLA-A*24:03, 216, I;1887334, , 73284, WYMWLGARF, Dengue virus 2 Jamaica/1409/1983, 11064, nM, 417, Positive-High, 20.2, HLA-A*23:01, 214, I;1887613, , 73284, WYMWLGARF, Dengue virus 2 Jamaica/1409/1983, 11064, nM, 417, Positive-High, 16.2, HLA-A*24:02, 215, I;1940637, 22039500, 73284, WYMWLGARF, Dengue virus 1, 11053, nM, 418, Positive-High, 19, HLA-A*24:03, 216, I;2149403, , 73284, WYMWLGARF, Dengue virus 1, 11053, min, 289, Positive-High, 582, HLA-A*24:02, 215, I;","5"
"WYMWLGARFL","","0","2377857, 25449574, 186540, WYMWLGARFL, Dengue virus 2, 11060, Mus musculus HLA-A*2402/Kb Tg, 10001062, IFNg release, Positive-High, HLA-A*24:02, 215;2377987, 25449574, 186540, WYMWLGARFL, Dengue virus 2, 11060, Mus musculus HLA-A*2402/Kb Tg, 10001062, TNFa release, Negative, "Class I,  allele undetermined", ;2377988, 25449574, 186540, WYMWLGARFL, Dengue virus 2, 11060, Mus musculus HLA-A*2402/Kb Tg, 10001062, IL-6 release, Positive, HLA-A*24:02, 215;2378003, 25449574, 186540, WYMWLGARFL, Dengue virus 2, 11060, Mus musculus HLA-A*2402/Kb Tg, 10001062, cytotoxicity, Positive, HLA-A*24:02, 215;2378015, 25449574, 186540, WYMWLGARFL, Dengue virus 2, 11060, Mus musculus HLA-A*2402/Kb Tg, 10001062, IFNg release, Positive, HLA-A*24:02, 215;","5","1887335, , 186540, WYMWLGARFL, Dengue virus 2 Jamaica/1409/1983, 11064, nM, 417, Positive-High, 49.1, HLA-A*23:01, 214, I;1887614, , 186540, WYMWLGARFL, Dengue virus 2 Jamaica/1409/1983, 11064, nM, 417, Positive-High, 6.33, HLA-A*24:02, 215, I;","2"
"YAQMWLLLYFHRRDLRLM","","0","1556238, , 73427, YAQMWLLLYFHRRDLRLM, West Nile virus, 11082, Mus musculus HLA-B7 Tg, 10000595, IFNg release, Positive, HLA-B*07:02, 251;1556609, , 73427, YAQMWLLLYFHRRDLRLM, West Nile virus, 11082, Mus musculus HLA-DR4 Tg, 10000610, IFNg release, Positive, HLA-DRB1*04:01, 63;1964088, 22573867, 73427, YAQMWLLLYFHRRDLRLM, West Nile virus, 11082, Mus musculus HLA-A*0201/Db-human b2m Tg (HHD), 10000577, IFNg release, Negative, , ;1966156, 22573867, 73427, YAQMWLLLYFHRRDLRLM, West Nile virus, 11082, Mus musculus HLA-A24 Tg, 10001166, IFNg release, Negative, , ;1966157, 22573867, 73427, YAQMWLLLYFHRRDLRLM, West Nile virus, 11082, Mus musculus HLA-B*0702 Tg H2-I null , 10000593, IFNg release, Positive, HLA-B*07:02, 251;1966158, 22573867, 73427, YAQMWLLLYFHRRDLRLM, West Nile virus, 11082, Mus musculus HLA-DRB1*1501 Tg, 10001381, IFNg release, Negative, , ;1966159, 22573867, 73427, YAQMWLLLYFHRRDLRLM, West Nile virus, 11082, Mus musculus HLA-DRB1*0301 Tg, 10001983, IFNg release, Negative, , ;1966160, 22573867, 73427, YAQMWLLLYFHRRDLRLM, West Nile virus, 11082, Mus musculus HLA-DRB1*0401 Tg CD4Tg I-Abeta null, 10001295, IFNg release, Positive, HLA-DRB1*04:01, 63;","8","","0"
"YFHRRDLRLMANAICSAV","","0","1556610, , 73825, YFHRRDLRLMANAICSAV, West Nile virus, 11082, Mus musculus HLA-DR4 Tg, 10000610, IFNg release, Positive, HLA-DRB1*04:01, 63;1816047, , 73825, YFHRRDLRLMANAICSAV, West Nile virus, 11082, Homo sapiens, 9606, qualitative binding, Positive, HLA-DRB1*04:01, 63;1922254, , 73825, YFHRRDLRLMANAICSAV, West Nile virus, 11082, Homo sapiens, 9606, qualitative binding, Positive, HLA-DRB1*01:01, 52;1922287, , 73825, YFHRRDLRLMANAICSAV, West Nile virus, 11082, Homo sapiens, 9606, qualitative binding, Positive, HLA-DRB1*04:04, 407;1922336, , 73825, YFHRRDLRLMANAICSAV, West Nile virus, 11082, Homo sapiens, 9606, qualitative binding, Positive, HLA-DRB1*15:01, 436;1964089, 22573867, 73825, YFHRRDLRLMANAICSAV, West Nile virus, 11082, Mus musculus HLA-A*0201/Db-human b2m Tg (HHD), 10000577, IFNg release, Negative, , ;1966161, 22573867, 73825, YFHRRDLRLMANAICSAV, West Nile virus, 11082, Mus musculus HLA-A24 Tg, 10001166, IFNg release, Negative, , ;1966162, 22573867, 73825, YFHRRDLRLMANAICSAV, West Nile virus, 11082, Mus musculus HLA-B*0702 Tg H2-I null , 10000593, IFNg release, Negative, , ;1966163, 22573867, 73825, YFHRRDLRLMANAICSAV, West Nile virus, 11082, Mus musculus HLA-DRB1*1501 Tg, 10001381, IFNg release, Negative, , ;1966164, 22573867, 73825, YFHRRDLRLMANAICSAV, West Nile virus, 11082, Mus musculus HLA-DRB1*0301 Tg, 10001983, IFNg release, Negative, , ;1966165, 22573867, 73825, YFHRRDLRLMANAICSAV, West Nile virus, 11082, Mus musculus HLA-DRB1*0401 Tg CD4Tg I-Abeta null, 10001295, IFNg release, Positive, HLA-DRB1*04:01, 63;","11","","0"
"YQNKVVKVL","","0","","0","1890679, , 186593, YQNKVVKVL, Dengue virus 4 Philippines/H241/1956, 408686, nM, 417, Positive-High, 11.5, HLA-B*15:01, 257, I;","1"
"YQNKVVKVLR","","0","1941111, , 180846, YQNKVVKVLR, Dengue virus, 12637, Homo sapiens, 9606, IFNg release, Positive, HLA-A*33:01, 226;","1","1889255, , 180846, YQNKVVKVLR, Dengue virus 4 Philippines/H241/1956, 408686, nM, 417, Positive-Intermediate, 446, HLA-A*33:01, 226, I;","1"
"YTDRKWCFD","","0","2094516, 24190657, 186609, YTDRKWCFD, Dengue virus 3, 11069, Mus musculus C57BL/6 HLA-A*0201/Kb Tg, 10000076, IFNg release, Negative, HLA-A*01:01, 142;","1","1885757, , 186609, YTDRKWCFD, Dengue virus 3 Martinique/1243/1999, 408691, nM, 417, Positive-Low, 597, HLA-A*01:01, 142, I;","1"
